gender,Q1,Q2,Q3,Q4,Q5,Q6,Q7,Q8,Q9,Q10,Q11,Q12,Q13,Q14,Q15
F,B,A,E,D,E,B,B,C,E,D,B,B,E,C,E
NA,B,A,E,D,E,B,B,B,D,E,B,E,B,A,E
F,B,A,E,C,E,B,B,C,E,E,E,D,E,C,A
M,B,A,E,D,E,B,E,C,C,C,E,E,D,A,D
M,B,A,B,D,C,B,B,C,C,E,E,D,E,C,E
M,B,A,E,D,E,B,B,C,E,D,E,B,NA,C,E
F,B,A,E,D,E,B,B,C,E,D,E,B,E,B,E
M,B,A,E,C,E,D,B,C,E,D,E,B,E,C,E
M,B,A,E,C,E,C,B,C,E,C,E,D,B,C,E
M,B,A,E,D,A,B,B,A,E,D,E,C,B,NA,NA
M,NA,NA,NA,NA,NA,NA,NA,NA,C,NA,NA,NA,E,C,E
M,B,A,E,C,A,C,B,C,E,B,E,C,E,C,D
M,B,A,E,D,C,B,B,C,E,E,E,B,B,E,E
F,B,C,E,B,E,E,A,C,E,D,E,B,B,A,E
F,B,A,E,C,E,A,B,B,E,E,E,B,B,B,E
M,B,A,E,D,E,D,B,C,A,D,E,B,E,D,E
F,D,A,E,A,B,B,B,D,A,D,B,E,NA,NA,NA
M,B,A,E,D,E,A,B,C,E,D,E,D,E,E,E
F,B,A,E,C,E,B,E,C,E,D,E,B,NA,NA,NA
M,A,A,E,D,E,B,B,C,E,E,A,B,D,B,E
F,B,A,E,C,E,B,E,C,NA,C,NA,E,B,A,NA
M,B,A,E,D,E,B,B,C,E,E,E,B,E,C,E
M,B,A,E,C,E,B,B,C,E,D,E,D,B,E,E
M,B,A,E,D,E,B,B,C,E,E,E,D,E,B,D
F,B,A,E,C,E,A,C,C,E,D,E,B,E,A,E
F,B,A,E,D,E,D,E,C,D,D,E,B,E,B,E
M,B,A,E,D,D,B,A,B,D,E,D,B,B,A,B
M,B,A,E,D,E,B,B,D,D,C,C,A,A,B,E
F,B,A,E,D,E,B,A,C,E,D,E,B,E,B,E
M,B,A,E,C,B,B,B,C,NA,C,NA,B,D,A,E
M,B,A,E,D,E,B,B,C,E,D,E,B,E,A,E
M,B,A,E,C,E,B,B,C,A,D,E,B,E,C,E
M,B,A,E,D,E,A,B,B,C,D,E,B,E,C,E
F,E,A,E,C,E,D,B,D,A,D,E,B,E,C,E
F,B,A,E,D,E,A,B,B,E,E,E,B,E,C,E
M,B,A,E,A,A,B,B,D,E,D,E,D,E,D,E
M,B,A,E,D,E,A,B,C,E,E,E,D,E,C,C
F,B,A,E,D,NA,B,NA,C,E,D,NA,D,E,NA,E
F,B,A,E,C,E,B,D,D,E,E,E,A,E,C,E
F,B,A,E,C,E,B,E,C,D,D,E,B,E,C,E
F,B,A,E,C,E,E,B,C,D,D,B,B,E,B,E
F,B,A,E,D,E,NA,B,D,E,C,D,B,E,B,E
M,B,A,B,C,E,B,B,D,E,D,D,B,E,NA,E
F,B,D,E,E,E,C,B,C,D,A,C,D,E,D,E
F,B,A,A,D,E,A,B,C,E,D,E,B,E,B,E
F,B,A,E,D,E,B,B,A,A,E,D,E,B,C,E
F,B,A,E,D,E,B,B,C,A,D,E,B,E,D,E
F,C,A,E,D,E,B,E,C,C,C,A,B,B,C,A
F,B,A,E,C,E,A,B,D,E,E,E,B,E,B,D
F,B,A,E,D,E,B,D,C,E,C,E,B,E,C,E
F,B,A,E,D,E,B,A,C,E,D,E,C,E,C,E
F,B,A,E,C,E,A,D,C,E,C,E,A,E,B,D
M,B,A,E,C,A,B,B,D,A,D,E,E,E,C,E
M,B,A,E,D,E,A,B,C,E,E,E,A,B,B,E
M,B,A,E,A,E,B,B,B,E,E,B,D,E,B,D
M,B,A,E,C,E,B,B,C,A,E,B,B,E,E,E
M,B,A,E,C,E,B,B,A,E,D,E,B,E,C,E
F,B,A,E,C,E,D,NA,C,D,D,E,D,C,E,E
M,B,A,E,D,E,B,E,C,E,E,E,B,E,B,E
F,B,A,E,C,E,NA,B,A,NA,NA,C,B,E,NA,A
F,B,A,E,D,E,B,B,D,E,E,E,B,B,C,E
F,B,A,E,A,E,B,B,C,E,E,E,E,E,A,C
M,B,A,E,C,E,B,B,C,E,D,E,B,E,B,E
F,B,A,E,C,E,C,D,B,A,E,E,D,E,A,D
F,B,A,E,B,E,B,B,D,C,E,E,B,B,B,E
F,A,E,C,E,A,B,B,E,D,E,B,E,NA,A,NA
M,B,A,E,C,E,A,B,C,E,E,E,B,E,A,D
F,B,A,E,C,E,B,B,C,E,NA,NA,NA,E,C,E
F,B,A,E,C,E,A,B,D,E,D,E,B,B,A,E
M,D,A,E,C,E,B,B,D,E,D,E,B,B,C,E
F,B,A,E,A,C,B,B,B,E,E,C,B,E,A,NA
M,B,A,E,C,E,A,B,C,E,D,E,B,E,C,E
F,B,A,E,C,A,B,E,C,E,D,E,B,E,A,E
M,B,A,E,C,E,B,B,C,C,D,E,B,E,A,E
M,B,A,E,C,E,B,B,C,E,D,E,B,E,C,E
F,B,A,E,D,E,C,B,NA,B,C,E,D,B,B,E
F,B,A,E,C,E,D,B,C,E,D,E,B,E,A,E
M,B,A,E,D,C,E,B,C,A,D,E,B,E,E,E
M,B,A,E,B,E,A,A,C,D,E,E,A,E,C,E
M,B,A,E,D,E,B,B,C,E,C,E,B,B,A,B
M,B,A,E,C,E,B,B,C,E,A,E,A,B,C,E
M,B,A,E,D,A,B,E,C,NA,D,E,B,E,C,E
M,B,A,E,C,E,B,B,D,E,D,E,B,B,C,E
F,B,A,E,D,E,B,B,C,E,D,E,B,E,C,E
M,B,A,E,C,E,B,B,C,E,C,E,B,E,A,E
M,B,A,A,C,E,D,B,C,E,D,E,B,B,C,E
M,B,A,E,D,E,B,B,C,E,E,E,B,E,D,E
M,B,A,E,C,E,D,B,D,E,D,B,B,E,C,E
M,B,A,E,C,A,C,B,C,E,E,D,A,C,B,D
M,B,A,E,D,E,B,B,C,NA,NA,E,B,NA,NA,E
M,B,A,E,C,B,E,B,D,A,D,E,D,E,C,E
M,B,A,E,D,E,E,B,C,E,C,E,B,B,C,E
F,B,A,E,C,E,B,B,C,E,D,E,B,E,C,E
M,B,A,B,C,E,B,E,C,C,D,E,B,C,D,E
M,B,A,E,C,E,D,B,C,E,D,E,B,E,B,E
M,B,A,E,C,E,B,B,C,E,D,E,B,B,C,E
M,B,A,E,D,E,B,B,C,A,E,E,A,E,C,E
M,B,A,B,C,E,B,B,C,E,D,E,B,E,A,E
F,B,A,E,C,E,B,E,C,E,D,E,B,E,A,E
M,B,A,E,C,E,D,B,C,E,D,E,A,B,A,E
M,B,A,E,D,NA,B,B,C,E,C,E,A,B,C,E
M,B,A,E,D,E,B,B,C,E,E,E,B,E,A,E
M,B,A,E,C,E,A,A,C,E,E,E,B,E,B,E
M,A,A,E,D,C,B,D,C,A,E,E,B,E,D,E
F,B,A,E,C,E,B,B,C,E,E,E,A,E,C,E
F,B,A,E,C,E,B,B,C,E,D,E,B,E,C,E
M,B,A,E,D,E,B,B,D,E,E,E,B,E,C,E
F,B,A,E,C,E,B,B,C,E,C,E,C,NA,B,E
M,B,A,E,C,E,A,B,C,E,B,E,B,E,C,E
M,B,A,E,D,E,C,B,C,B,C,E,D,E,B,A
M,B,A,E,C,E,A,E,C,B,E,E,D,C,B,E
M,B,A,E,C,E,D,B,D,E,D,E,B,E,C,E
M,B,A,E,C,E,B,B,D,E,D,E,B,E,C,E
F,B,A,E,A,E,B,B,C,E,D,E,B,E,C,E
M,B,A,E,D,E,B,B,D,E,D,E,B,E,C,E
M,B,A,E,D,E,A,C,C,E,E,B,D,E,A,C
M,B,A,E,NA,A,B,B,B,E,D,B,B,E,C,A
M,B,A,A,E,C,B,E,D,E,C,B,D,D,E,A
F,B,A,E,A,C,B,B,D,B,D,A,E,E,A,E
F,B,A,E,D,A,E,E,NA,E,E,B,E,B,B,NA
F,NA,NA,NA,A,A,A,NA,NA,NA,NA,NA,NA,NA,NA,NA
F,B,A,E,D,B,B,B,C,E,NA,NA,NA,NA,NA,NA
F,B,A,E,D,E,C,B,C,E,E,B,B,A,B,D
M,B,A,E,D,E,A,B,C,E,E,C,B,E,C,A
M,B,A,D,D,D,NA,C,C,D,C,A,A,NA,NA,NA
M,B,D,E,B,A,C,E,E,C,E,NA,A,NA,NA,NA
F,B,A,E,D,E,B,D,C,E,C,B,B,C,B,D
F,B,A,E,A,C,B,B,D,NA,NA,NA,NA,NA,NA,NA
M,B,A,E,D,E,B,B,C,E,D,E,B,E,C,E
F,B,A,E,A,A,B,B,B,E,E,B,B,B,A,D
M,B,A,E,D,E,B,B,C,E,D,E,B,E,D,E
F,B,A,E,D,A,B,E,D,D,A,D,E,B,B,D
F,B,A,E,D,C,B,B,C,E,A,B,D,B,B,C
F,B,A,E,C,NA,E,B,D,C,C,A,B,A,B,B
M,NA,D,NA,NA,A,A,B,C,E,E,B,A,C,NA,NA
F,B,C,E,A,A,B,D,A,C,E,NA,NA,NA,NA,NA
M,B,A,E,D,E,B,B,A,E,D,D,D,E,C,E
F,B,A,E,D,A,B,B,C,E,C,A,B,C,E,E
F,E,A,E,C,A,B,E,NA,D,C,B,A,D,B,E
M,B,D,A,A,A,B,B,C,E,E,B,E,E,B,E
M,B,A,E,C,E,B,A,C,E,D,E,B,E,B,E
M,B,A,E,D,E,B,C,B,A,D,C,B,C,C,D
M,B,A,B,D,A,B,B,C,A,E,D,B,B,A,B
M,B,A,E,D,E,A,B,D,A,D,B,C,E,A,C
F,B,A,E,C,E,A,A,E,D,A,B,A,E,B,A
F,B,A,D,D,A,A,B,A,E,D,D,B,B,E,C
M,B,A,D,C,B,E,B,C,E,D,B,B,E,B,D
M,B,A,E,C,A,A,B,C,E,E,C,D,A,A,NA
F,B,A,E,E,A,A,B,B,E,E,E,B,B,A,E
M,B,A,E,E,C,B,E,C,E,C,D,E,E,E,B
M,B,A,D,A,E,B,C,D,D,D,B,E,A,A,C
M,B,A,E,B,E,B,B,C,E,D,B,D,B,A,B
F,B,A,E,A,E,A,A,D,B,E,B,B,A,B,B
F,D,E,C,A,D,B,B,D,C,D,B,A,E,B,D
M,B,A,E,C,E,A,B,D,C,D,B,B,E,NA,NA
M,B,A,E,C,E,A,B,C,E,D,B,B,A,C,A
M,B,A,E,E,A,NA,NA,D,C,D,A,B,B,B,NA
F,A,B,B,A,A,C,E,B,A,A,D,A,A,B,C
M,B,A,E,A,A,B,B,C,A,C,B,B,E,A,D
F,A,A,E,A,D,A,D,B,E,E,B,A,E,A,C
F,B,A,A,A,B,D,D,C,D,C,B,D,A,C,E
M,D,A,E,D,E,B,B,C,B,E,B,B,C,B,B
F,B,A,E,D,A,B,B,C,E,D,A,B,A,B,C
M,B,A,E,E,E,A,A,D,E,E,B,D,C,B,D
M,B,C,D,A,NA,B,B,D,E,D,NA,A,C,C,E
F,D,A,E,A,D,B,B,A,E,E,B,E,E,A,E
F,B,A,E,D,A,B,A,C,E,E,A,B,A,B,E
M,B,A,E,E,E,A,A,B,E,D,B,B,A,A,B
M,B,A,E,D,E,B,E,C,E,C,D,D,B,A,E
M,B,A,D,C,B,B,B,C,C,E,B,B,D,A,B
F,B,A,E,D,E,B,A,D,D,E,B,B,E,A,D
F,A,A,E,A,A,C,E,B,E,E,B,E,E,B,A
M,B,A,D,C,C,B,A,C,B,D,A,B,C,B,D
F,B,A,E,C,B,E,A,D,E,D,C,B,D,A,B
M,B,A,E,E,E,E,B,B,B,C,A,B,B,B,D
M,B,A,E,D,A,A,D,C,C,E,B,B,B,A,C
M,B,A,E,D,E,B,C,C,E,D,C,A,D,A,E
M,B,A,E,A,E,A,E,C,E,C,A,B,C,B,A
M,B,A,E,A,A,B,D,C,E,E,B,B,D,A,C
F,C,A,E,D,E,B,B,B,NA,D,B,D,E,B,E
M,B,A,E,C,E,A,B,C,C,E,B,E,D,A,C
F,E,A,E,A,E,A,E,C,D,E,B,D,B,A,D
F,B,A,E,A,E,B,B,C,E,D,E,B,E,C,E
M,B,A,E,C,E,D,B,C,E,D,E,B,E,A,E
NA,C,A,E,B,A,A,E,A,B,C,B,E,E,E,D
M,B,A,E,C,E,B,B,A,E,E,E,B,E,B,E
F,A,A,E,A,B,A,E,C,E,C,B,B,NA,NA,NA
F,B,A,E,D,E,E,E,C,E,D,E,D,E,E,E
M,B,A,E,D,E,B,B,C,E,D,D,B,E,D,A
F,B,A,E,C,E,A,A,C,A,D,C,B,B,A,E
M,D,A,E,A,E,B,B,A,E,E,D,A,B,B,E
M,NA,NA,E,B,E,E,NA,NA,NA,NA,NA,NA,NA,NA,NA
M,B,A,E,A,E,C,B,D,E,D,B,D,A,B,C
F,B,A,E,A,C,NA,B,B,NA,E,B,C,E,E,B
M,B,A,E,C,E,A,A,D,E,D,B,D,B,B,E
F,B,B,B,A,D,A,B,D,C,A,B,D,E,C,B
F,B,A,E,A,A,B,B,D,B,E,B,B,B,B,C
M,B,C,C,A,D,A,E,A,E,A,A,B,C,B,C
F,B,A,E,A,NA,NA,B,C,NA,B,B,NA,NA,NA,NA
M,A,A,E,D,E,D,A,C,E,C,E,B,C,A,E
F,B,NA,E,A,C,B,D,C,NA,NA,NA,NA,NA,NA,NA
F,A,A,E,C,A,A,B,E,E,C,B,D,B,C,B
F,B,A,C,A,E,B,C,D,C,B,B,E,C,B,B
F,B,A,C,A,C,B,B,D,E,D,B,B,A,A,D
M,B,A,E,D,E,B,B,C,E,D,A,B,B,A,A
M,B,A,E,D,A,B,A,B,E,C,C,A,B,D,D
M,B,A,E,C,E,B,B,C,E,C,C,B,E,A,C
M,B,B,E,B,E,D,B,C,A,C,B,A,NA,C,C
F,B,A,E,C,B,E,C,D,D,A,B,B,A,E,C
F,B,A,E,C,E,B,B,C,E,D,E,B,E,A,E
F,B,A,E,A,E,E,E,C,E,B,B,D,NA,NA,NA
F,B,D,D,E,E,E,D,C,C,E,A,C,A,E,A
F,B,A,E,D,E,B,B,C,E,E,B,B,E,A,E
M,B,A,E,C,E,B,B,C,E,D,E,B,E,C,E
M,B,A,A,A,A,A,E,C,A,E,B,B,C,C,NA
F,B,A,D,E,C,C,D,C,E,E,B,E,A,B,D
M,B,A,E,A,E,B,C,D,A,D,C,B,E,C,E
F,E,B,A,A,D,B,E,A,A,D,A,E,D,C,A
F,B,E,E,A,B,A,B,D,B,D,E,D,E,E,NA
F,B,A,E,A,E,B,A,A,A,C,B,D,E,B,B
F,B,A,C,B,D,B,A,B,E,E,B,A,B,B,C
M,B,A,D,A,A,A,D,D,E,E,A,D,E,E,E
M,B,A,E,E,D,A,B,B,C,C,A,A,B,A,D
F,B,A,A,D,B,B,A,A,E,C,NA,NA,NA,NA,NA
M,B,A,E,D,E,B,B,C,E,D,B,B,E,B,C
F,B,A,E,B,A,E,B,C,C,E,B,B,B,A,NA
M,B,A,E,A,E,C,C,D,D,B,C,D,A,E,B
F,A,A,E,A,E,B,B,B,C,NA,B,E,E,C,NA
M,B,A,E,D,E,A,B,C,E,E,D,B,E,B,A
NA,B,A,C,A,B,B,E,B,C,E,B,A,D,C,B
M,E,A,E,A,NA,A,B,C,E,E,B,B,D,C,C
M,B,A,E,D,E,B,NA,C,E,E,NA,NA,E,E,E
M,NA,D,NA,D,C,NA,NA,NA,NA,NA,NA,NA,NA,NA,NA
F,B,A,E,A,E,A,B,C,D,E,C,B,E,A,D
M,B,A,E,D,B,B,E,C,NA,C,NA,D,NA,NA,E
F,B,A,E,D,E,A,A,B,E,E,D,B,B,B,A
M,B,A,E,A,A,NA,E,C,C,C,B,D,E,A,B
M,B,A,E,D,E,A,B,C,E,D,E,B,E,A,E
F,B,A,E,A,E,B,B,A,E,D,B,B,C,B,B
F,B,A,D,A,C,A,E,D,E,D,B,A,B,A,D
F,B,A,E,D,E,A,E,C,C,D,E,B,B,A,E
F,B,A,E,D,E,E,E,A,E,E,C,C,NA,NA,D
M,B,A,E,C,E,B,B,C,E,D,E,B,E,B,E
F,B,A,E,A,E,B,B,C,E,D,E,B,E,A,E
F,B,A,E,A,B,E,B,B,E,E,B,B,D,C,E
F,B,A,D,A,E,A,A,B,E,E,NA,NA,NA,NA,NA
M,B,A,E,D,E,C,D,D,C,E,B,C,B,NA,NA
F,B,D,E,A,E,B,B,C,B,D,B,B,E,A,E
M,B,A,E,D,E,A,D,C,E,D,B,B,D,A,C
F,B,E,E,E,C,B,B,E,E,C,B,B,E,B,C
M,B,A,D,D,C,A,B,D,A,E,B,B,C,E,C
F,B,A,E,C,E,A,D,C,E,E,B,A,C,B,B
F,B,A,E,D,B,B,D,C,E,D,B,D,E,A,E
M,NA,NA,E,E,E,NA,NA,NA,NA,NA,NA,NA,NA,NA,NA
F,B,A,E,E,E,B,B,D,E,D,B,B,E,E,B
F,B,A,E,D,A,C,E,C,E,B,B,A,D,A,C
M,B,A,D,D,C,A,B,D,C,C,B,E,E,B,C
M,B,A,E,D,C,B,A,C,A,E,A,B,A,B,D
F,D,A,E,A,E,B,B,C,D,E,A,B,B,NA,NA
M,B,E,E,A,A,A,B,NA,D,D,A,D,A,B,B
M,B,A,E,D,C,D,C,D,C,E,B,E,C,D,E
F,B,A,NA,A,B,D,A,A,D,E,B,E,B,NA,NA
F,NA,NA,E,E,NA,NA,NA,NA,NA,NA,NA,NA,NA,NA,NA
M,B,A,E,D,B,A,E,C,E,D,E,B,D,B,A
F,B,A,E,D,E,B,B,B,B,E,B,C,C,D,E
F,B,A,E,A,E,B,E,B,E,C,B,B,C,C,E
F,B,A,E,C,C,A,A,C,D,E,C,A,B,B,A
M,B,A,E,A,A,B,B,C,E,E,E,B,C,B,B
M,B,A,E,A,E,A,B,C,E,D,B,B,B,C,E
F,B,A,A,D,A,A,B,A,E,C,B,B,E,A,D
F,B,A,E,C,E,B,B,C,E,E,NA,E,E,B,E
F,C,A,C,A,E,A,B,NA,A,NA,NA,NA,NA,NA,NA
M,B,A,E,E,A,A,D,D,C,D,E,D,E,B,C
F,B,A,E,B,E,E,D,C,D,B,B,B,E,A,C
M,B,A,D,A,E,B,B,D,E,E,A,E,D,B,D
M,B,A,B,A,E,A,A,A,E,D,D,A,E,C,B
M,B,A,E,C,E,A,B,C,C,E,B,B,C,A,B
M,B,A,E,C,D,A,E,D,E,E,NA,E,E,A,C
M,B,A,D,D,B,B,B,D,E,D,B,B,B,A,A
F,B,D,A,A,A,A,E,E,E,C,C,B,D,B,C
M,B,A,E,C,E,B,B,C,E,D,E,B,E,A,E
F,B,A,E,E,E,B,D,B,C,E,B,B,E,B,E
F,B,A,E,A,B,B,E,D,E,D,B,E,E,C,D
M,B,A,E,D,A,B,B,C,E,C,B,B,E,A,E
M,B,A,E,E,E,A,D,D,A,E,C,D,E,C,D
F,B,A,E,A,E,B,B,C,E,D,C,D,E,B,E
M,B,A,E,C,E,A,B,C,E,B,B,A,D,C,A
M,B,A,E,C,NA,NA,E,NA,NA,NA,NA,NA,NA,NA,NA
NA,B,A,E,D,E,C,D,D,E,D,B,E,B,B,B
M,B,A,E,C,E,A,B,D,A,D,D,B,D,NA,NA
M,B,A,E,D,C,A,B,C,C,D,B,B,A,B,A
F,B,A,D,B,B,B,B,D,A,C,A,D,A,C,D
M,B,A,E,D,E,A,E,C,E,D,B,B,E,C,NA
M,D,A,A,E,E,B,D,B,A,D,C,B,A,B,C
F,B,A,D,A,E,B,B,B,E,D,B,B,B,B,C
F,B,A,E,A,E,B,B,B,B,A,B,B,C,B,C
F,B,A,E,D,E,B,A,E,B,A,B,A,A,B,C
M,C,A,E,A,A,C,D,C,E,D,NA,B,E,C,D
M,B,A,E,C,E,A,B,C,E,D,E,D,E,C,A
F,B,D,A,E,B,C,C,B,C,E,B,A,C,D,C
M,B,A,E,D,E,B,B,D,E,E,E,B,E,C,A
F,B,NA,NA,C,NA,B,B,NA,E,D,NA,C,E,NA,NA
F,B,A,E,C,A,E,B,C,C,D,E,B,E,A,B
M,B,A,E,C,E,B,B,C,E,E,E,B,E,C,E
F,B,A,E,C,E,B,B,C,E,E,E,B,B,NA,NA
F,B,A,E,C,E,C,B,C,E,C,E,B,E,B,E
M,C,A,E,D,E,E,D,B,A,E,C,B,B,A,E
F,A,NA,A,D,E,A,E,B,E,E,E,B,E,NA,E
F,D,A,NA,D,NA,B,NA,NA,A,E,NA,NA,B,NA,NA
M,A,C,E,D,E,E,B,C,E,C,D,B,A,B,E
F,B,NA,NA,D,E,NA,B,C,NA,D,A,NA,NA,NA,D
M,B,NA,NA,C,NA,B,B,D,C,D,E,B,B,NA,E
F,B,A,E,E,A,B,E,C,A,D,B,B,E,B,E
F,B,A,E,E,E,C,B,D,C,A,E,C,E,B,C
M,B,A,B,C,E,A,A,D,E,E,B,A,B,B,D
M,B,A,E,C,B,A,C,D,D,E,B,E,B,C,A
F,B,A,E,NA,E,B,B,C,A,E,E,B,B,C,NA
M,B,A,E,C,B,A,C,C,E,E,E,D,B,B,E
F,B,C,E,E,E,A,D,D,B,D,E,B,E,C,E
M,B,A,E,C,E,D,C,C,E,E,B,B,E,B,E
M,A,NA,E,C,E,A,D,B,B,E,E,A,E,B,E
F,B,A,E,D,E,B,E,D,C,C,B,A,D,A,A
M,B,A,E,D,E,A,B,C,D,D,D,B,E,E,E
M,B,A,E,D,E,B,B,C,E,D,E,E,E,B,E
F,B,A,E,D,E,B,NA,C,E,E,D,B,NA,D,E
F,B,A,E,A,E,E,B,B,E,E,B,A,B,NA,NA
M,NA,NA,NA,B,NA,NA,NA,NA,NA,NA,E,C,B,B,E
F,B,A,E,A,E,B,B,D,E,C,E,B,E,A,E
M,B,A,E,C,B,NA,C,C,E,E,B,E,B,A,E
M,B,A,E,D,E,B,B,D,D,C,B,B,B,A,C
F,NA,NA,NA,NA,NA,NA,NA,NA,NA,NA,NA,NA,NA,C,B
NA,B,A,E,C,E,B,B,C,C,C,D,D,B,C,E
M,B,A,E,C,C,D,E,B,E,E,B,E,C,B,D
M,B,E,E,C,C,C,B,D,A,E,B,D,B,B,A
M,B,A,E,C,E,A,B,C,E,D,D,B,E,B,NA
F,A,C,E,D,E,B,A,B,A,E,E,A,E,C,E
F,C,A,E,C,A,E,B,C,E,C,B,NA,A,A,E
M,B,A,E,C,D,B,B,D,E,E,D,B,C,A,NA
F,B,A,E,D,E,B,B,C,E,A,B,B,E,A,E
M,B,NA,E,C,NA,B,A,A,E,C,E,B,B,A,E
M,B,A,E,C,E,B,E,C,A,D,E,E,D,B,E
M,B,A,E,C,D,E,A,D,E,E,B,D,D,A,B
M,B,A,E,C,E,B,B,C,E,E,E,B,E,A,E
M,B,NA,E,C,E,A,B,C,C,D,D,B,E,B,E
M,A,E,D,C,E,B,B,D,C,C,E,B,E,A,D
M,B,A,E,D,E,A,E,C,B,D,NA,NA,NA,NA,NA
M,B,A,E,A,E,A,B,C,E,D,E,B,B,B,E
M,B,NA,E,NA,NA,NA,D,NA,C,NA,NA,A,B,B,NA
F,B,NA,E,C,E,B,B,NA,NA,NA,E,B,E,B,E
F,B,A,E,C,E,A,D,D,B,D,E,B,E,D,E
M,B,A,E,C,NA,NA,B,A,A,C,E,E,E,B,E
M,A,A,E,D,E,D,B,D,E,D,C,B,C,C,C
F,B,A,E,A,E,B,E,D,D,E,E,B,B,A,C
M,B,A,E,C,E,B,B,D,NA,E,E,B,E,NA,E
F,B,A,B,D,E,C,D,B,C,C,A,A,E,A,E
F,B,NA,E,D,E,B,B,C,D,C,E,B,E,A,E
M,B,NA,E,D,E,B,B,C,E,C,E,B,E,A,C
M,A,A,E,D,C,E,B,C,E,D,C,D,B,D,E
F,B,A,E,A,E,B,B,D,C,C,E,B,E,C,E
F,B,A,E,D,NA,B,B,C,B,E,E,B,E,NA,E
M,B,A,E,C,E,E,B,B,E,E,B,A,E,A,E
M,B,A,E,D,E,D,B,D,E,D,A,B,E,A,D
M,B,A,E,A,B,A,A,C,E,D,NA,C,NA,NA,NA
F,C,A,E,C,E,E,A,C,NA,D,B,B,B,E,E
F,A,NA,A,B,D,A,A,B,B,D,E,D,E,A,A
M,B,A,E,D,A,B,D,A,B,D,E,C,E,B,C
F,NA,NA,E,NA,NA,B,B,NA,NA,NA,NA,C,NA,NA,NA
F,NA,B,NA,NA,NA,NA,NA,NA,C,E,NA,NA,NA,A,A
M,B,A,E,NA,A,B,B,D,E,D,E,B,B,NA,C
M,B,A,E,E,C,C,B,C,E,D,E,B,NA,NA,A
NA,B,A,E,C,E,B,E,C,A,D,E,E,E,B,B
F,A,NA,E,C,E,D,A,B,E,D,E,A,E,B,E
M,E,A,D,A,B,A,E,A,C,D,B,A,A,B,D
M,B,A,E,C,E,C,E,D,B,D,E,B,E,C,C
F,B,A,E,D,E,B,B,C,C,D,C,B,B,C,D
F,B,A,NA,NA,NA,B,NA,NA,NA,NA,B,B,A,B,E
F,B,A,E,D,E,B,B,C,E,E,E,B,E,A,A
M,B,A,E,D,E,B,E,C,E,E,B,NA,C,A,C
F,B,B,E,E,E,C,E,NA,E,E,E,B,E,D,D
M,C,A,E,A,E,B,B,D,D,D,D,B,E,C,E
M,B,A,E,D,NA,NA,NA,NA,NA,NA,NA,NA,NA,NA,NA
F,A,B,E,D,A,C,C,C,E,D,C,NA,NA,NA,NA
M,B,A,B,D,NA,B,B,C,E,C,NA,B,E,C,E
M,B,A,E,C,B,E,B,C,A,D,E,B,D,A,C
M,B,A,E,C,B,C,C,D,D,E,B,E,E,NA,E
M,B,A,B,A,C,NA,B,NA,NA,NA,NA,NA,NA,NA,NA
F,A,A,E,A,E,E,D,B,B,C,B,B,E,B,D
F,B,A,E,C,E,A,B,D,D,C,E,B,E,C,E
M,B,A,A,NA,E,E,B,D,E,D,E,B,E,A,D
M,B,NA,NA,B,E,A,B,NA,D,D,E,NA,B,B,E
M,B,A,E,A,E,B,B,C,E,D,E,B,E,A,D
M,B,A,E,A,B,B,A,C,E,D,NA,C,E,A,E
M,A,A,E,D,A,B,B,B,C,D,A,B,B,B,B
F,B,A,E,C,E,A,E,C,C,C,E,B,E,C,E
F,B,A,E,D,A,E,B,C,C,E,E,D,E,A,E
M,B,A,E,C,E,A,E,C,E,E,NA,NA,E,B,E
F,B,A,E,C,E,B,B,C,E,C,E,B,E,B,E
M,B,C,E,D,E,B,E,C,E,D,B,D,A,C,E
M,B,A,B,D,A,B,B,C,C,D,E,D,B,B,E
F,B,A,E,C,B,E,B,C,E,D,E,C,E,A,A
M,B,A,E,C,E,B,B,NA,NA,C,NA,NA,NA,NA,NA
M,B,A,E,D,A,B,D,C,E,D,B,E,B,B,D
M,B,A,D,A,A,E,E,E,E,E,E,E,E,C,B
F,B,A,E,D,E,B,B,C,C,C,E,B,E,E,E
M,B,A,E,D,NA,B,B,C,C,D,E,B,B,A,A
F,B,A,E,D,E,NA,B,C,NA,NA,NA,NA,NA,NA,NA
M,B,A,E,D,A,B,E,C,E,D,E,B,C,A,D
F,A,A,E,D,E,B,B,B,C,C,B,B,B,A,A
F,B,A,E,D,A,B,B,C,D,C,D,B,C,A,C
F,B,A,E,A,A,B,D,B,D,E,NA,E,E,A,E
M,B,A,E,D,NA,B,A,A,C,C,A,B,E,B,B
F,B,A,E,A,E,B,B,C,C,D,E,D,B,C,E
M,B,C,B,C,E,B,D,D,A,D,C,B,E,A,E
F,B,C,A,C,B,A,B,D,A,D,E,C,B,B,A
F,B,A,E,C,E,B,B,D,C,D,E,B,E,NA,E
F,B,A,E,D,E,C,B,C,E,E,E,B,E,A,A
M,B,A,E,C,E,B,B,C,E,D,E,B,NA,A,E
M,B,A,E,C,E,E,B,D,NA,E,D,B,E,A,E
F,B,A,E,D,E,A,B,B,NA,E,E,B,E,A,E
M,B,A,NA,NA,C,NA,E,E,E,C,NA,NA,NA,NA,NA
M,B,A,E,C,E,B,B,C,C,D,E,B,B,C,E
F,B,A,E,C,E,B,D,C,E,D,E,B,B,A,E
M,B,A,E,D,E,C,B,C,E,A,E,A,E,A,E
M,B,A,B,D,B,E,A,C,D,C,C,D,B,A,B
F,B,A,E,C,E,B,B,B,E,D,D,B,C,B,E
F,B,A,E,A,E,B,B,C,D,E,E,D,B,D,E
F,B,E,E,A,E,B,D,C,D,E,E,B,B,B,E
F,B,A,E,C,E,B,B,C,E,C,E,B,E,A,E
F,B,A,E,C,E,E,B,A,E,D,E,D,E,B,E
M,B,A,E,D,E,B,B,A,E,D,E,B,E,C,E
M,B,A,E,B,E,E,B,C,E,D,E,B,B,A,E
M,B,A,E,D,E,B,B,C,E,D,E,B,E,C,E
M,B,A,E,D,E,B,B,C,E,D,E,D,C,E,NA
NA,B,A,E,C,E,B,D,D,C,D,E,B,B,B,D
F,B,A,E,C,E,B,B,C,E,D,E,B,B,A,A
M,B,A,E,C,E,B,B,C,E,D,E,B,E,C,E
M,B,A,E,D,E,B,B,C,E,D,E,B,E,A,E
F,B,A,E,C,A,A,B,A,E,C,C,B,A,A,E
M,B,A,E,A,E,D,B,C,E,C,E,B,E,B,E
F,B,A,E,D,E,B,B,B,C,D,C,B,E,B,E
F,A,A,E,A,C,C,B,B,E,D,E,A,E,NA,C
F,B,A,E,D,E,E,B,C,E,D,E,B,E,C,E
F,B,A,E,B,E,B,B,A,E,D,E,B,E,D,E
M,B,A,A,C,E,B,B,C,E,D,E,B,E,B,A
F,B,A,E,D,E,A,B,C,A,B,D,B,C,A,C
M,B,A,E,C,E,B,B,C,E,E,E,B,E,NA,NA
F,B,A,E,D,E,B,B,C,E,D,E,B,E,A,E
F,B,A,E,E,E,A,B,C,E,D,E,B,E,A,E
M,B,A,E,D,E,A,B,C,E,D,E,B,E,A,E
M,B,A,E,C,E,A,B,C,NA,D,E,B,E,A,E
M,NA,E,B,D,B,D,A,C,E,E,B,B,B,B,A
F,B,A,E,D,E,B,B,C,E,D,E,B,E,B,E
M,B,A,E,D,E,B,B,C,E,D,E,B,E,C,E
M,B,A,E,D,E,B,B,C,C,D,D,E,E,A,A
F,B,D,A,C,C,B,B,C,E,D,E,B,B,A,E
M,B,A,E,C,E,A,B,C,A,D,E,B,E,A,E
M,B,A,E,C,E,B,B,C,E,E,E,B,E,A,E
F,B,A,E,D,B,B,C,C,D,E,E,D,E,A,E
F,B,A,E,D,E,B,B,C,E,E,E,B,E,A,E
F,B,A,E,D,E,E,B,D,E,D,E,B,E,A,E
M,B,A,E,E,E,B,B,C,E,D,C,B,E,A,E
M,B,A,E,D,A,B,B,C,A,D,E,B,E,C,E
F,B,A,E,C,E,B,B,C,E,B,E,C,A,A,E
M,B,A,E,D,E,B,B,C,E,D,E,D,E,C,E
NA,B,A,E,C,E,A,B,C,E,A,E,B,E,B,E
F,B,D,E,D,E,A,B,B,E,C,E,E,E,NA,NA
M,B,A,E,A,E,C,B,B,C,C,D,B,E,C,E
M,A,A,E,C,E,B,B,C,C,B,E,E,E,C,E
M,B,A,E,C,A,B,B,C,E,D,NA,B,E,D,E
F,B,A,E,D,E,NA,A,D,E,NA,C,B,E,A,D
M,B,A,E,C,E,B,E,C,E,C,E,B,E,B,E
F,B,A,E,E,E,A,B,C,E,E,E,B,B,B,A
M,B,A,E,NA,B,A,A,C,E,C,E,B,E,C,E
F,B,A,E,D,E,B,B,C,E,C,E,D,E,B,E
M,B,A,A,C,B,B,B,C,E,C,E,B,E,A,D
M,B,A,E,C,E,B,B,C,A,E,E,D,A,C,E
M,B,A,E,C,E,B,B,C,E,E,E,B,E,A,E
F,A,C,E,D,E,E,B,B,A,D,B,B,B,A,A
F,B,A,E,D,A,D,B,C,C,D,C,B,A,C,B
M,B,A,E,D,A,E,B,D,E,E,B,D,B,A,D
F,B,A,E,D,D,A,D,B,E,A,B,D,E,B,E
F,B,A,E,D,A,C,B,D,E,D,C,B,B,B,A
F,B,A,E,D,E,B,B,C,E,C,D,D,E,C,A
F,B,A,E,D,E,D,B,C,E,C,E,B,NA,C,E
F,B,A,E,A,E,A,B,C,E,E,C,B,E,B,E
M,B,A,E,D,E,B,B,C,E,E,E,B,E,A,E
M,B,A,E,C,E,B,B,C,E,E,C,D,B,B,C
M,B,A,D,D,E,C,E,B,C,D,B,B,A,C,B
F,B,A,E,C,E,B,B,C,E,D,E,E,B,B,E
M,B,A,E,D,E,B,B,C,E,C,E,B,E,B,E
F,B,D,E,E,E,B,C,E,E,D,C,B,C,E,D
F,B,A,B,C,A,B,B,C,E,D,B,C,A,NA,NA
F,B,A,E,D,E,B,B,C,E,E,E,B,E,C,E
M,B,A,E,D,E,D,B,C,E,E,C,B,E,E,A
M,B,A,E,D,E,B,B,C,E,E,E,B,E,C,E
F,B,A,B,D,A,B,B,A,E,D,B,A,E,B,E
M,B,A,E,C,E,A,B,C,E,D,E,B,E,C,E
F,C,A,E,D,E,B,B,C,D,C,B,B,B,A,B
F,B,A,E,C,E,B,B,C,E,C,E,B,E,C,C
F,B,A,B,D,A,B,B,A,E,E,E,B,B,B,E
M,B,A,E,A,A,A,E,C,C,D,B,B,E,C,D
M,B,A,E,D,C,B,B,E,D,D,C,C,D,A,D
F,B,A,E,D,C,E,B,D,A,C,A,B,D,A,C
M,B,A,E,E,A,B,B,D,C,C,B,E,E,C,C
F,B,A,A,A,A,NA,B,C,C,D,B,E,E,A,B
M,B,A,E,D,E,B,B,C,E,C,B,D,E,B,D
F,B,A,E,D,A,C,D,C,C,E,B,B,E,A,C
F,B,A,E,C,A,B,B,C,A,D,E,B,E,B,A
M,B,A,E,D,E,A,E,C,C,E,E,B,E,A,E
M,B,A,E,C,E,B,B,C,E,D,C,B,E,A,B
M,B,A,E,A,E,D,B,C,E,E,C,D,C,A,B
M,B,A,E,D,C,B,D,D,D,A,C,B,A,D,B
M,B,A,E,A,E,B,B,C,E,D,E,B,B,B,E
F,B,A,E,D,E,D,B,C,E,E,E,B,B,C,E
F,B,A,E,A,E,B,A,E,E,D,E,B,NA,A,D
F,B,A,E,C,C,B,D,B,E,C,D,B,NA,A,A
F,C,A,E,D,E,B,B,B,D,E,E,B,E,A,D
M,B,A,A,C,E,B,B,C,E,D,E,B,E,A,E
F,B,A,E,D,E,A,B,C,E,C,NA,B,E,A,E
M,A,C,E,B,NA,A,E,E,E,A,A,A,C,B,D
M,B,A,E,E,E,C,D,C,E,E,C,A,E,C,E
M,B,A,E,D,E,B,B,C,E,D,A,A,E,B,E
M,B,A,E,D,E,B,C,A,D,B,D,C,E,B,C
M,B,A,E,B,E,B,B,C,E,D,E,B,E,A,E
F,B,A,E,A,A,NA,B,C,NA,D,E,B,B,B,E
M,B,A,E,C,E,B,B,C,E,C,E,NA,B,A,E
M,B,A,E,C,E,A,B,C,E,E,D,D,B,C,E
M,B,A,E,E,E,D,E,C,E,E,C,D,C,B,D
M,B,A,E,D,A,NA,B,A,E,E,E,B,B,A,A
F,B,A,E,A,E,B,E,C,E,E,E,B,B,A,B
F,B,A,E,A,A,B,B,C,E,D,B,B,B,C,D
F,B,A,B,A,A,A,B,B,C,D,B,B,C,A,B
M,B,A,E,C,E,B,E,C,E,C,NA,NA,NA,NA,NA
F,B,A,E,D,E,D,B,C,C,D,E,D,E,C,E
M,B,A,E,D,E,B,D,E,NA,E,C,NA,NA,B,C
F,B,A,E,E,E,NA,B,C,C,E,B,E,E,B,E
F,B,D,E,C,B,B,A,C,E,D,NA,NA,NA,NA,NA
M,B,A,E,D,E,B,B,C,C,D,E,D,B,B,E
F,B,A,E,D,C,A,B,C,D,E,D,B,B,B,A
F,B,A,D,E,A,A,B,C,E,E,B,B,D,C,B
F,B,A,E,C,E,C,B,C,E,E,E,B,E,A,NA
F,B,A,E,C,A,B,D,A,E,C,E,D,E,C,E
F,C,A,B,C,A,B,B,C,E,D,B,B,E,C,E
F,B,A,E,E,A,A,D,C,E,E,B,NA,E,C,A
F,B,A,E,A,E,B,E,C,A,E,C,D,D,A,B
F,B,A,E,D,B,B,B,C,C,E,E,B,E,A,E
M,B,C,E,E,A,A,B,A,E,E,A,B,D,A,E
F,B,A,E,D,E,D,B,C,E,E,E,B,E,C,E
M,B,A,E,C,E,B,B,E,D,D,D,B,E,C,E
NA,A,NA,E,B,E,C,NA,B,E,E,E,A,E,B,C
F,B,A,E,D,E,B,B,C,E,D,E,B,E,C,E
F,B,A,B,D,A,D,B,D,E,C,B,B,B,A,B
F,B,A,E,D,E,D,B,C,E,E,B,D,E,B,A
F,D,A,E,D,E,D,E,C,E,D,E,D,C,A,B
M,B,A,E,C,E,E,E,C,E,E,A,E,C,B,C
F,B,A,B,D,A,C,B,C,E,D,E,B,E,D,C
M,B,A,E,D,E,B,B,C,E,D,D,B,E,C,C
F,B,A,B,A,E,D,B,B,NA,NA,NA,B,E,B,E
M,B,A,E,C,E,A,B,C,E,C,NA,B,B,B,NA
M,B,A,E,E,E,A,B,D,A,E,B,B,B,B,C
M,C,A,E,D,B,D,B,C,A,E,E,C,B,C,E
F,B,A,E,E,E,C,B,D,E,E,B,B,E,A,E
M,A,A,D,A,B,B,NA,A,D,A,B,B,B,D,C
M,B,A,E,C,C,C,B,C,E,D,E,B,E,C,E
M,B,A,E,C,E,A,B,C,E,D,E,B,E,B,E
F,B,A,B,C,A,B,A,D,E,C,C,D,E,C,E
F,B,A,E,C,A,B,A,C,E,E,B,B,E,A,E
F,B,A,E,C,E,B,B,D,E,D,E,B,E,A,E
F,B,A,E,D,E,B,E,C,E,E,E,B,B,C,E
F,B,A,A,D,E,D,B,C,C,E,D,C,B,D,E
F,C,C,B,C,A,A,E,B,C,E,B,E,B,A,C
M,B,A,E,D,E,C,B,B,C,E,E,B,E,A,C
F,B,A,E,B,E,B,C,A,C,A,E,B,E,C,A
M,A,A,E,D,E,C,B,C,E,C,E,B,E,B,NA
F,B,A,E,C,A,B,B,D,E,D,D,D,E,A,E
M,B,A,E,D,E,B,D,C,E,D,E,A,E,C,E
F,B,A,A,A,A,D,B,E,A,D,B,E,E,A,B
F,B,A,E,D,E,B,B,C,E,C,E,B,E,E,E
F,B,A,E,D,E,B,B,D,E,D,E,B,B,C,E
M,B,A,E,C,E,B,B,A,E,D,E,B,E,B,E
F,B,A,D,A,NA,B,B,C,E,D,E,E,A,A,E
F,B,A,E,A,E,B,A,C,D,D,D,B,B,A,E
F,B,A,E,D,A,B,B,C,E,C,E,B,B,C,C
F,B,A,E,C,A,B,D,E,E,D,B,D,E,C,D
M,B,A,E,C,C,D,B,C,C,D,E,B,E,C,A
M,A,A,E,D,E,A,D,D,B,A,NA,D,B,C,A
M,C,A,E,C,E,B,B,C,E,D,E,A,E,B,C
F,B,A,E,C,E,B,B,E,E,C,E,B,E,C,E
M,B,A,E,D,E,D,B,C,E,E,C,B,E,E,A
M,B,A,E,D,E,B,B,C,B,C,E,D,B,A,E
M,B,A,E,D,E,B,E,E,B,C,C,NA,NA,NA,NA
F,D,A,E,A,A,E,B,C,C,D,E,D,A,B,D
M,B,A,E,D,E,E,B,C,E,D,E,B,B,A,E
M,C,A,E,E,E,E,E,B,E,E,E,B,E,B,E
M,B,A,E,C,E,B,B,D,E,D,E,B,E,B,E
M,B,A,E,D,E,B,E,D,E,D,B,E,NA,NA,NA
F,B,A,E,C,NA,NA,NA,A,NA,E,E,A,B,NA,E
F,B,A,E,D,E,B,A,A,D,E,B,B,E,D,B
M,B,A,E,D,E,E,NA,D,NA,E,E,NA,NA,A,NA
F,A,NA,E,D,E,A,D,NA,E,D,E,E,E,C,E
M,B,A,E,C,E,D,B,C,E,D,E,B,E,A,E
M,B,A,E,D,E,C,E,A,A,D,E,B,E,B,E
M,B,A,E,C,A,E,B,C,C,E,E,D,E,A,E
F,B,A,E,D,E,B,B,C,E,E,E,D,E,B,E
F,B,A,E,D,NA,NA,B,C,NA,E,D,B,NA,E,C
M,B,A,E,C,B,B,B,C,E,D,E,D,E,A,E
M,B,A,E,D,A,B,B,B,E,C,E,D,E,B,E
F,B,A,E,E,E,NA,B,C,E,C,E,B,E,B,E
F,B,A,E,C,D,B,B,C,A,D,E,B,E,A,E
F,B,A,E,C,E,B,B,C,E,B,E,B,E,C,E
M,B,A,E,D,E,B,B,C,E,E,B,B,B,A,D
M,NA,A,E,D,NA,D,A,B,NA,D,E,B,E,D,D
F,B,A,D,C,C,E,A,C,A,E,B,E,A,B,NA
F,B,A,E,A,E,B,B,D,E,E,C,B,E,B,E
M,B,A,E,A,E,B,A,A,E,A,B,B,B,E,A
M,B,A,E,C,E,C,E,C,E,E,A,B,B,D,E
M,B,A,D,D,E,D,B,C,E,E,D,C,C,E,D
F,B,A,E,D,E,E,D,C,E,D,E,A,E,C,E
M,B,A,E,D,E,B,B,C,E,E,E,B,E,A,E
F,B,A,E,D,E,C,B,C,E,E,E,B,E,C,E
F,B,A,E,A,E,C,B,D,E,D,E,B,E,B,E
F,B,C,E,C,A,E,B,C,E,D,B,D,C,B,B
F,B,A,E,E,A,D,C,C,E,E,E,B,B,B,E
F,B,A,E,D,C,D,E,A,E,C,B,D,E,A,E
F,B,A,D,A,E,E,E,C,E,D,E,C,B,C,C
F,B,A,E,D,NA,C,A,B,A,D,E,A,A,C,A
F,A,A,E,E,E,D,B,B,D,D,E,D,E,NA,NA
M,B,A,E,C,B,B,E,C,NA,E,B,B,E,B,NA
M,D,A,B,D,C,C,B,B,A,A,A,D,E,E,E
F,B,A,E,D,E,B,B,C,E,E,E,B,B,C,A
F,B,A,E,B,E,B,B,C,E,C,E,B,E,A,E
M,A,A,E,C,E,B,B,C,D,D,E,B,E,A,E
F,B,A,E,D,E,B,B,C,D,E,E,B,E,B,E
M,B,A,E,C,E,NA,B,B,E,C,E,B,E,C,E
F,B,A,E,C,E,B,B,C,C,C,E,B,E,D,E
M,A,A,E,D,E,B,B,B,C,D,E,B,E,A,E
F,B,A,E,D,E,B,B,D,E,C,E,B,E,A,E
M,B,A,E,A,E,B,B,D,A,C,E,B,E,A,E
F,B,A,D,C,A,E,B,C,E,C,E,D,B,A,E
M,B,A,E,D,A,B,C,C,C,D,E,D,E,A,E
F,B,A,E,D,A,B,E,C,E,D,C,D,E,A,E
F,B,A,E,C,C,A,B,C,E,D,E,B,B,C,E
M,B,A,E,C,B,A,B,B,E,D,C,B,B,A,E
F,B,A,E,C,E,B,B,E,E,D,E,B,E,B,E
F,E,A,E,D,E,A,B,C,C,E,A,E,E,NA,E
F,B,A,E,C,E,B,E,E,D,E,B,E,B,A,E
F,B,A,E,C,E,A,B,C,NA,D,E,B,E,A,E
F,B,A,E,C,E,B,B,C,E,E,E,B,E,C,E
F,B,A,E,D,E,B,B,C,E,E,E,B,B,B,C
F,B,A,E,A,E,NA,B,A,NA,C,B,B,E,B,E
M,B,A,E,C,C,A,B,D,E,E,E,B,E,D,E
F,B,A,E,A,E,B,B,B,A,E,E,B,E,A,A
F,B,A,E,A,E,A,B,D,E,NA,NA,B,B,A,NA
M,B,A,E,D,C,B,A,D,D,E,E,A,A,E,B
F,B,A,E,C,E,B,B,C,C,D,E,B,E,C,E
M,B,A,E,C,A,B,A,B,D,D,A,D,B,A,A
M,B,A,E,C,E,D,B,D,E,D,E,E,B,C,A
F,B,A,E,C,E,E,B,B,E,E,E,D,E,B,E
M,B,A,E,D,E,B,B,C,E,D,E,B,E,C,E
F,B,A,E,D,E,B,B,C,E,E,E,B,E,A,E
F,A,A,E,D,E,B,B,C,E,E,E,B,E,C,E
F,B,B,E,D,E,B,B,B,E,D,E,D,E,E,E
M,B,A,E,C,E,B,C,C,D,NA,E,NA,E,C,E
F,B,A,E,D,E,A,B,C,E,D,E,B,E,NA,A
M,B,A,E,C,E,D,D,D,NA,NA,NA,NA,NA,NA,NA
M,B,A,E,D,E,B,B,D,A,D,E,E,A,B,C
M,B,A,E,C,E,B,E,C,E,D,E,B,B,C,D
M,B,NA,C,NA,E,B,B,C,D,E,E,D,A,C,E
F,B,A,E,A,E,C,B,D,D,E,E,B,E,D,E
F,A,A,E,D,E,A,E,D,E,D,E,D,E,A,E
F,B,A,E,A,NA,B,B,B,E,E,B,B,C,A,B
F,B,A,E,D,E,A,B,B,E,E,D,B,C,C,B
M,B,A,E,C,E,B,B,C,E,D,D,D,B,A,C
F,D,A,E,E,E,C,D,B,D,E,C,B,E,B,E
M,B,A,E,D,A,E,B,C,C,D,E,B,C,C,E
M,B,A,E,D,A,B,B,C,E,E,E,B,B,A,D
F,C,C,E,A,E,NA,A,C,NA,D,E,B,E,NA,E
M,B,A,E,D,E,B,B,B,E,D,E,B,E,C,E
F,B,A,E,C,E,E,B,D,E,E,E,E,B,B,D
M,B,A,E,C,E,A,C,C,E,D,E,B,E,D,E
M,B,A,E,B,E,D,A,E,C,E,E,B,C,C,B
F,B,A,E,D,E,B,B,C,E,C,E,D,E,C,E
F,B,A,E,C,A,B,E,A,E,E,E,D,B,D,E
M,B,A,E,B,E,B,B,C,A,D,D,B,E,A,E
M,B,A,E,A,E,B,E,C,E,D,B,B,B,B,C
F,B,A,E,D,E,B,B,C,C,A,E,B,B,B,E
M,B,A,E,C,E,B,B,C,E,E,D,B,C,A,E
M,B,A,E,C,B,B,B,C,E,D,E,D,B,A,E
F,B,A,E,C,D,B,B,C,E,D,E,B,E,C,E
M,B,A,E,C,E,D,B,C,E,D,E,B,E,A,D
F,B,A,E,C,E,B,B,B,E,E,E,B,B,B,C
F,B,A,E,C,E,B,B,C,A,C,E,A,E,B,E
M,B,A,E,D,E,B,D,C,A,D,D,A,C,E,E
M,B,A,E,C,E,B,B,C,E,D,B,D,B,B,C
M,B,A,D,D,A,D,E,A,E,C,E,A,E,D,A
F,B,A,A,C,A,B,B,A,E,D,E,B,B,B,E
F,B,A,E,C,E,B,B,C,D,E,E,D,E,A,E
F,B,A,E,D,E,E,B,D,E,D,E,B,B,B,E
F,B,A,E,D,E,B,D,C,E,E,E,B,NA,C,NA
F,B,D,E,A,E,A,B,C,E,E,C,NA,E,NA,A
M,B,A,E,C,E,B,B,C,C,E,C,B,E,A,A
M,B,A,B,A,C,B,C,C,E,E,B,C,E,B,E
F,B,A,E,B,E,A,B,C,E,C,E,D,E,C,E
F,B,A,E,D,E,B,B,A,E,E,E,B,B,B,E
M,B,A,E,D,E,B,D,E,E,D,D,B,A,A,E
F,A,C,B,A,D,C,D,D,A,B,B,E,E,D,C
M,B,A,D,C,E,E,A,C,A,D,B,B,B,A,E
F,B,A,E,C,A,A,E,B,C,E,A,B,E,D,E
M,B,A,E,D,E,E,D,D,A,E,B,D,D,A,B
M,C,A,D,A,C,A,D,A,E,E,C,E,A,C,E
M,A,NA,A,A,A,NA,NA,NA,NA,NA,NA,NA,NA,NA,NA
M,B,A,E,C,E,E,A,C,E,C,B,B,B,D,D
F,A,C,C,E,NA,A,A,A,A,A,A,D,D,A,A
M,B,A,A,D,D,E,B,D,E,D,B,D,NA,NA,NA
F,NA,D,A,A,A,A,D,A,B,C,B,A,A,A,D
M,B,A,E,C,C,NA,E,C,E,NA,NA,B,A,B,E
M,B,A,E,D,E,B,B,C,E,C,A,A,D,C,B
M,D,D,E,A,C,A,C,E,A,E,B,A,C,B,A
F,B,A,E,NA,E,E,D,D,E,E,A,A,B,C,B
M,B,A,E,D,E,C,B,C,E,C,A,B,D,B,E
F,B,A,E,D,E,B,B,A,E,E,B,C,B,B,E
F,B,A,E,C,A,A,D,A,D,E,B,D,E,B,C
F,B,A,E,A,A,B,B,C,E,D,B,B,E,E,E
F,B,A,E,C,C,A,B,E,D,C,B,E,D,D,A
NA,B,A,E,A,NA,NA,NA,NA,NA,NA,NA,NA,NA,NA,NA
M,A,B,A,A,C,B,D,C,E,C,B,E,E,A,E
M,B,A,E,D,C,E,E,D,E,A,C,D,D,B,C
F,B,D,B,D,D,A,C,E,A,D,A,A,A,B,B
F,B,A,E,A,A,B,D,E,C,E,C,A,E,B,E
M,B,A,E,C,E,A,B,A,E,E,A,B,E,B,E
M,B,A,E,C,C,B,B,D,C,A,B,A,B,B,D
F,C,A,E,A,A,B,D,A,B,NA,NA,D,A,C,E
M,B,A,A,A,E,A,E,C,C,E,D,B,C,D,A
M,E,C,D,D,E,A,A,D,D,E,B,D,E,A,C
M,E,A,A,E,A,C,E,D,A,D,B,E,A,D,B
M,B,A,E,D,E,B,C,C,D,D,B,A,D,C,E
M,B,A,E,A,A,A,D,C,E,C,A,D,D,B,C
F,B,A,E,C,E,C,E,NA,NA,NA,A,A,NA,NA,NA
F,B,A,E,D,E,A,B,C,E,E,B,A,B,D,D
F,C,A,E,A,C,E,C,E,C,A,E,D,D,B,E
M,B,C,B,B,C,D,C,C,B,E,C,A,C,E,D
M,B,A,E,A,C,B,B,A,A,E,B,E,B,D,D
F,B,C,A,NA,E,D,C,E,B,C,A,B,A,C,A
F,B,A,E,C,E,B,A,C,E,C,E,D,D,E,E
M,B,A,E,A,E,A,B,C,E,D,B,B,D,D,D
F,B,A,E,D,E,A,B,C,A,C,D,B,B,A,E
F,B,A,E,C,E,A,A,B,E,E,A,D,A,B,D
F,B,A,E,A,A,B,D,B,C,A,D,E,C,B,C
F,B,A,A,A,D,B,A,C,D,C,B,A,B,A,E
M,B,A,E,D,E,D,D,B,A,E,C,E,D,NA,B
F,D,A,E,D,C,B,D,A,D,C,A,D,D,A,C
M,D,A,A,B,A,C,C,E,E,E,A,E,A,E,C
F,B,A,E,A,E,A,B,C,E,E,B,A,B,NA,D
M,B,A,E,E,A,B,B,D,E,B,A,B,A,B,C
F,C,A,C,A,B,E,D,E,D,E,B,E,E,B,B
M,B,A,E,D,D,C,E,C,A,E,D,D,C,E,D
M,B,A,E,A,A,A,E,C,E,D,A,B,A,D,C
M,E,A,A,D,C,E,D,A,A,NA,E,B,E,B,C
M,C,E,A,D,E,A,D,E,D,D,C,NA,D,A,C
M,E,A,B,A,A,C,B,E,A,E,C,D,A,C,A
M,B,A,E,D,A,D,B,D,E,D,C,C,A,E,C
M,B,C,E,E,E,A,D,C,A,A,B,D,C,D,A
F,A,B,A,E,A,NA,B,D,A,A,NA,B,NA,B,C
M,B,A,E,A,A,B,D,C,A,E,A,E,B,E,C
F,B,A,E,A,B,B,C,E,C,D,B,A,E,A,D
F,B,D,B,C,A,E,A,C,E,B,B,E,E,E,D
M,D,A,E,A,E,A,B,C,E,C,B,D,E,NA,B
F,B,A,E,D,E,B,B,C,E,C,A,A,D,C,B
M,B,A,E,A,B,B,A,C,E,D,B,E,E,B,E
F,B,A,E,A,A,B,D,C,D,E,E,D,A,B,C
M,B,A,E,A,E,A,B,B,NA,D,NA,B,NA,NA,NA
F,B,A,B,A,E,B,B,A,C,D,A,D,D,B,E
M,B,A,E,D,E,A,B,A,E,C,A,D,E,D,NA
F,B,D,A,C,B,C,B,B,E,D,C,D,C,B,A
F,B,A,E,E,E,B,D,B,E,E,B,E,E,A,B
F,D,D,E,D,C,A,B,C,D,E,B,B,A,A,A
M,D,A,A,A,C,D,E,E,A,E,B,E,E,D,B
F,C,A,D,A,B,B,E,D,E,C,B,E,B,E,B
M,B,A,E,A,E,B,D,E,C,E,B,D,C,E,B
M,B,A,E,B,E,B,B,C,A,E,E,C,B,B,E
M,C,A,D,A,C,C,A,C,D,C,E,B,D,A,B
F,B,A,E,A,A,B,B,D,E,E,A,B,B,A,C
F,D,A,A,E,A,A,E,D,C,E,C,E,B,D,B
M,B,A,E,D,E,B,B,C,E,E,B,B,B,B,E
F,A,NA,E,A,E,NA,NA,NA,NA,NA,B,E,NA,NA,C
M,B,A,E,E,A,A,B,C,B,E,B,B,B,E,E
M,A,A,E,D,C,A,A,C,E,A,B,A,C,B,C
M,A,A,E,A,B,B,B,C,E,C,B,C,B,A,E
M,A,A,D,E,E,A,A,D,E,D,B,A,B,C,E
M,B,A,A,D,C,B,D,C,E,E,B,E,A,C,A
M,B,A,E,A,E,B,B,C,E,D,E,B,E,E,E
M,B,D,E,D,A,B,B,B,E,E,B,B,C,B,NA
F,B,C,D,D,D,A,B,D,E,E,B,B,B,B,E
F,C,A,E,D,E,A,A,B,C,E,B,D,B,A,E
F,B,A,E,A,A,B,D,C,A,E,B,D,E,B,D
M,E,A,A,A,A,B,A,A,A,A,NA,E,A,A,A
M,B,A,E,D,A,A,B,C,C,E,NA,NA,NA,NA,NA
M,C,C,D,A,A,D,A,A,D,B,C,B,C,E,B
F,B,A,E,D,E,B,B,D,E,NA,NA,NA,NA,NA,NA
F,B,A,E,A,E,A,C,E,C,A,A,B,D,C,E
M,B,A,E,A,D,B,E,E,A,C,B,A,B,B,E
M,A,A,E,A,E,A,B,D,A,C,B,D,C,B,B
F,B,A,E,A,E,C,B,D,C,D,B,B,A,C,D
F,B,A,E,E,E,B,D,B,E,D,A,D,D,B,B
F,B,A,E,C,NA,NA,A,C,NA,E,B,A,E,A,C
M,C,A,D,E,A,NA,E,D,B,C,NA,E,C,D,D
F,B,A,E,A,E,B,E,D,E,D,E,B,E,C,A
M,B,A,E,C,C,A,B,E,D,C,B,E,D,D,A
F,B,A,E,E,E,D,E,D,E,E,C,E,E,C,E
M,B,A,E,D,C,B,A,B,A,D,B,B,C,A,E
F,B,A,E,A,NA,A,E,D,NA,D,B,A,NA,D,C
M,B,A,E,D,E,B,A,C,E,D,B,A,C,E,C
M,B,A,E,A,C,E,B,C,E,C,E,D,NA,NA,NA
F,A,D,A,B,C,A,E,C,A,E,D,A,B,A,C
F,B,A,E,D,E,A,B,B,D,C,B,B,NA,B,B
M,B,A,E,D,E,B,E,D,A,D,B,E,B,C,A
F,C,D,E,A,B,B,E,A,E,C,A,D,A,E,C
M,B,C,B,A,NA,NA,NA,NA,NA,NA,NA,NA,NA,NA,NA
M,B,A,E,A,E,C,B,E,E,E,B,B,B,A,B
M,A,A,E,A,A,A,D,C,E,D,A,D,A,C,D
F,A,C,B,D,B,C,A,D,A,E,NA,A,D,B,C
F,B,A,E,D,A,B,E,D,C,B,B,E,C,D,B
F,B,A,E,C,D,A,D,B,B,C,C,E,B,C,B
M,B,A,E,A,E,A,C,E,C,D,A,A,B,A,E
F,B,A,E,D,E,B,B,C,E,NA,NA,NA,NA,NA,NA
F,B,A,D,D,D,B,E,E,D,C,A,E,A,E,A
M,B,A,E,A,E,A,A,D,B,E,B,B,C,A,C
F,B,A,D,A,A,E,E,C,A,E,B,E,D,E,A
M,B,A,D,A,B,B,C,C,D,C,E,D,E,B,E
M,B,A,E,A,E,E,C,C,E,D,A,D,C,C,D
F,A,A,NA,A,D,A,C,E,E,E,B,B,D,E,C
F,B,D,E,A,A,C,B,B,A,E,A,D,E,E,C
M,B,A,E,D,E,C,A,C,E,A,B,B,D,B,E
M,E,A,D,A,C,D,B,C,E,E,C,D,B,A,A
F,B,A,E,A,E,A,D,D,D,D,B,D,B,A,A
F,D,A,E,C,A,B,D,A,E,C,D,E,C,E,A
M,B,A,E,D,NA,B,NA,E,D,A,A,B,NA,B,A
F,B,A,D,B,B,E,NA,C,D,E,B,NA,NA,NA,NA
F,B,A,E,D,B,A,B,E,E,E,B,B,E,E,B
F,A,A,E,A,E,NA,B,C,NA,D,NA,B,C,NA,E
F,B,D,C,D,E,B,E,C,E,NA,C,NA,C,C,E
M,C,A,D,A,A,C,B,D,C,E,A,B,A,A,A
M,B,A,E,D,E,D,B,D,E,D,B,E,NA,NA,NA
M,B,C,D,B,C,D,B,E,B,D,A,B,A,E,A
M,B,A,A,D,E,C,A,D,E,E,B,E,B,D,A
M,B,A,E,A,A,NA,D,C,E,C,A,D,D,B,C
M,B,A,E,A,A,B,C,C,C,E,B,E,B,B,A
M,B,A,E,A,E,C,B,C,E,D,D,B,E,A,E
F,B,A,E,E,B,B,B,A,E,D,E,B,E,C,D
F,D,A,A,A,C,A,A,E,D,A,B,A,D,E,A
M,B,A,E,D,E,A,B,A,E,C,B,D,A,C,D
F,B,A,NA,D,A,NA,A,B,C,E,B,A,C,C,C
F,B,A,D,D,E,A,B,B,E,C,NA,E,C,B,A
M,B,E,E,A,C,B,C,C,E,E,B,B,B,D,D
F,A,C,C,A,C,NA,C,E,B,E,B,A,C,C,A
M,B,A,E,D,E,B,B,C,E,D,C,B,C,B,B
M,B,A,D,A,E,A,C,E,D,B,B,A,B,C,A
F,B,A,E,D,E,A,C,C,A,E,B,D,B,E,C
F,A,A,B,C,B,A,E,B,C,D,A,E,E,A,D
M,D,A,E,D,E,NA,NA,NA,NA,C,C,NA,NA,NA,E
F,B,A,D,A,E,A,D,B,A,E,B,D,B,B,B
F,B,A,E,A,A,B,E,C,E,NA,E,A,C,C,B
M,B,A,B,E,NA,C,D,E,B,C,D,E,C,D,A
F,B,A,E,D,A,A,B,C,E,E,B,D,E,A,E
M,C,A,A,B,D,E,B,D,B,C,B,D,C,E,C
M,B,A,D,A,E,C,A,B,D,E,A,B,D,B,B
F,B,A,D,A,E,C,B,C,A,D,NA,E,D,NA,D
F,B,D,E,A,E,NA,NA,C,NA,NA,A,E,NA,NA,NA
F,B,A,E,D,D,B,E,C,E,E,B,D,B,B,D
M,B,A,B,E,E,B,E,C,C,E,B,A,B,B,D
F,B,A,E,A,E,A,D,C,E,C,B,E,B,A,C
F,B,A,A,E,C,B,NA,E,NA,NA,B,B,NA,NA,NA
F,B,D,E,D,E,NA,A,B,B,E,B,E,B,A,A
F,C,A,E,C,B,A,B,B,E,A,B,B,D,A,D
M,B,A,E,D,E,B,B,D,E,E,B,B,A,C,D
F,A,A,E,C,NA,B,B,D,C,E,C,E,D,B,D
M,B,A,E,D,E,B,B,C,D,D,B,B,E,A,E
F,B,A,E,C,E,A,B,C,E,D,E,D,E,B,E
M,B,A,E,C,E,B,B,A,C,D,D,A,E,A,A
F,B,A,E,D,C,B,B,C,E,A,E,B,E,A,E
M,B,B,E,C,A,D,B,C,E,E,D,B,E,B,C
F,B,A,E,C,C,E,E,NA,NA,NA,B,B,E,B,E
F,B,A,E,C,A,A,B,C,E,D,E,B,E,E,E
M,B,A,E,C,E,A,B,C,E,C,D,D,E,C,E
M,B,A,E,E,E,C,D,A,A,E,E,D,B,B,E
F,B,A,E,C,A,C,B,A,A,C,E,B,D,A,D
M,B,A,E,D,A,B,A,D,D,E,E,C,E,B,C
M,B,A,E,C,E,E,B,C,E,D,B,B,E,B,B
M,B,A,E,C,E,C,D,C,B,E,B,E,E,A,E
M,B,A,E,D,C,B,B,A,E,E,B,C,B,C,D
M,B,A,E,A,A,C,B,A,E,C,E,B,D,A,D
F,B,A,E,C,E,B,B,D,E,E,E,B,D,B,E
F,B,D,E,D,C,B,B,C,E,D,E,B,E,A,E
M,C,A,E,D,E,B,B,C,E,D,E,B,E,A,E
M,B,A,E,C,D,A,B,D,E,D,E,D,E,C,A
F,B,A,B,D,E,A,D,C,E,E,E,C,E,A,D
M,B,A,E,D,B,B,B,D,E,E,E,B,E,B,E
F,B,A,E,A,E,C,E,C,A,E,D,E,E,A,B
F,B,A,E,C,E,D,B,B,E,E,E,B,B,A,E
F,B,A,E,D,E,B,B,D,E,E,B,A,C,C,E
F,B,A,E,C,E,B,B,D,E,C,E,A,E,A,E
F,B,A,E,D,E,B,D,D,E,C,E,B,E,A,E
M,B,A,E,C,A,A,B,C,C,E,B,B,B,B,C
M,B,A,E,D,E,B,B,E,E,E,NA,B,B,C,E
F,B,A,E,C,E,B,B,D,E,C,E,B,B,A,D
M,B,A,E,D,A,A,A,C,C,E,B,B,D,B,A
F,B,A,E,D,E,A,B,C,E,D,B,B,B,B,E
F,B,A,E,C,E,E,B,B,E,D,E,B,B,B,A
M,B,A,E,C,E,B,E,C,E,C,E,B,B,A,E
M,B,A,E,D,E,B,NA,NA,E,C,E,B,E,C,E
F,B,A,A,C,E,B,C,C,E,E,E,D,NA,D,D
M,B,A,E,D,A,A,A,C,C,E,C,D,A,B,D
M,B,A,E,C,E,B,B,C,E,D,E,B,E,A,E
F,B,A,E,D,E,A,B,C,E,D,E,B,NA,E,NA
M,B,A,E,C,E,B,B,C,E,C,E,B,E,A,E
F,B,A,A,E,B,C,B,E,E,C,E,B,E,B,E
F,B,A,E,D,E,D,B,C,E,E,E,C,E,B,C
M,A,A,E,C,B,B,B,C,E,D,E,B,E,C,A
F,B,A,E,C,E,B,NA,C,E,A,E,B,E,A,NA
M,B,A,E,C,B,A,B,C,E,D,E,D,B,B,E
F,B,A,E,C,E,A,B,D,E,D,A,B,E,C,E
F,B,A,E,C,A,B,C,D,E,C,E,B,E,A,E
M,C,A,E,A,A,E,B,C,B,E,D,B,E,C,E
F,B,A,E,D,E,NA,NA,A,D,NA,E,B,NA,B,E
F,B,A,E,D,E,B,B,C,E,D,C,B,E,B,E
M,B,A,E,C,NA,E,B,B,NA,E,B,B,B,B,C
F,B,A,E,D,E,E,B,B,E,D,B,B,E,A,C
F,B,A,E,C,E,E,B,C,B,E,E,A,E,B,E
F,B,A,E,D,E,E,D,B,E,E,C,D,E,B,E
F,B,A,E,C,E,B,B,C,E,D,E,B,E,A,E
F,B,A,E,D,E,E,B,D,D,C,C,D,E,A,E
F,A,B,B,D,E,B,B,B,E,E,C,D,E,B,E
M,B,A,E,C,NA,B,C,E,E,E,E,NA,E,C,D
M,B,A,E,A,A,B,E,C,D,C,D,B,B,C,D
M,B,A,D,E,E,C,B,D,E,D,NA,NA,NA,NA,NA
M,B,A,E,A,E,C,B,C,E,B,D,A,E,B,A
F,E,A,D,D,E,E,B,A,E,E,B,E,E,A,E
F,D,E,E,C,A,A,B,D,C,E,E,B,D,A,E
F,D,A,E,A,B,E,B,C,E,D,E,D,B,A,E
M,B,A,E,C,A,D,B,A,E,C,E,B,B,C,E
F,B,A,B,D,NA,B,C,D,D,E,A,D,E,B,C
M,B,A,E,A,E,A,B,D,A,C,B,B,B,D,A
M,B,C,E,C,A,C,B,B,C,D,C,B,B,A,E
M,B,A,E,D,E,B,B,B,C,E,E,B,B,B,C
F,B,A,E,C,E,C,B,D,E,D,E,B,E,C,E
F,C,A,E,C,E,C,B,C,A,D,E,B,E,B,A
M,B,A,E,D,E,A,E,D,A,E,C,A,E,A,D
F,B,A,B,C,E,D,B,C,C,E,A,B,B,B,D
M,B,A,E,D,E,A,A,C,E,C,E,D,B,A,E
M,B,A,E,C,B,E,B,C,D,E,B,D,E,B,E
F,B,A,E,D,E,A,D,B,E,E,B,A,E,B,E
M,B,A,E,C,E,A,B,C,E,C,E,B,E,B,E
F,B,A,E,A,C,B,D,C,E,D,C,D,E,B,E
F,B,A,E,D,E,A,E,C,E,E,E,B,E,C,E
F,B,A,E,D,C,B,B,E,E,D,E,B,B,B,E
M,B,A,C,D,A,D,B,A,E,D,E,B,E,A,A
M,B,A,E,D,C,B,A,C,C,C,E,B,B,B,E
F,B,A,E,C,E,B,D,B,D,E,C,B,E,A,E
M,B,A,E,D,D,NA,B,C,NA,E,NA,B,E,NA,C
F,B,A,E,E,C,B,B,D,C,A,C,E,B,A,B
F,B,A,E,C,E,B,B,B,E,B,E,B,B,B,A
M,B,A,E,D,E,C,B,C,E,C,E,A,D,E,B
M,B,A,E,D,E,D,D,C,B,D,A,D,B,B,B
M,B,A,E,D,E,A,B,C,E,D,E,B,E,E,E
M,D,A,E,C,E,B,E,D,E,E,C,E,E,B,D
M,B,A,E,D,E,D,B,D,E,D,E,B,C,D,E
F,E,A,E,E,E,B,B,C,A,D,B,B,B,C,E
M,B,A,E,A,B,D,B,C,E,D,E,D,E,E,E
F,B,A,E,D,C,C,A,D,D,D,B,B,B,A,E
F,B,A,E,D,E,A,B,E,C,E,C,D,E,C,E
F,B,A,E,D,A,A,NA,C,NA,NA,NA,B,NA,B,NA
M,B,A,E,D,A,A,B,C,D,D,B,A,C,B,C
M,B,A,E,D,E,B,B,C,E,E,E,A,E,B,D
M,B,A,E,D,E,B,B,C,E,E,E,B,E,B,E
F,B,A,E,B,A,C,B,C,A,C,C,E,B,B,A
M,D,A,E,A,E,E,A,C,E,D,B,E,D,B,C
F,B,A,E,C,E,A,B,C,C,D,E,D,B,B,E
F,B,A,E,D,C,B,B,D,E,E,E,B,E,B,B
F,B,A,E,D,E,A,C,C,E,A,C,E,C,C,E
F,B,A,E,D,E,A,B,D,E,D,E,B,E,E,E
M,B,A,E,C,E,C,A,D,A,E,A,D,B,C,E
M,B,A,E,D,C,C,E,A,C,E,A,A,B,B,D
M,B,A,E,B,C,E,B,C,D,D,B,D,B,A,B
F,B,A,E,D,E,C,B,D,D,D,E,B,E,C,E
M,B,A,E,E,C,B,B,C,E,E,D,B,B,E,A
M,B,A,E,D,E,C,B,C,E,E,A,B,B,A,E
M,B,A,E,A,B,A,C,C,E,A,E,B,E,B,B
F,B,A,E,E,NA,NA,A,C,E,E,D,A,E,B,E
M,B,A,E,C,E,B,B,A,E,D,E,D,B,A,E
M,E,A,E,C,E,E,B,C,NA,D,D,E,B,B,E
F,B,A,E,C,E,B,B,C,A,C,E,B,E,A,E
M,B,A,E,C,E,C,D,C,E,D,E,C,B,A,E
F,B,A,E,D,E,A,B,C,E,E,C,B,B,B,E
F,D,A,E,D,A,A,C,C,B,B,C,B,C,A,C
M,B,A,A,D,E,A,B,C,E,D,E,B,B,C,E
M,B,A,E,E,E,B,B,C,E,E,C,E,E,E,E
F,B,A,E,E,E,B,B,C,E,D,E,B,E,C,E
M,B,A,A,D,E,E,B,C,E,E,E,D,B,C,A
M,B,A,E,E,A,B,B,C,E,D,E,B,E,B,E
F,B,D,E,E,NA,NA,B,NA,E,C,NA,B,E,NA,E
NA,B,A,E,C,E,A,A,C,E,D,E,D,E,A,E
M,B,A,E,D,E,A,B,C,B,E,E,D,A,B,E
F,B,A,E,C,C,B,B,C,E,E,A,A,A,A,E
M,B,A,E,C,NA,B,B,B,C,C,E,B,B,A,B
M,B,A,E,C,NA,E,E,C,C,E,B,B,E,B,E
F,B,A,E,E,E,B,E,C,A,D,D,D,B,A,E
M,B,A,E,C,A,C,B,D,E,C,E,B,E,B,E
M,B,A,E,D,NA,B,B,B,E,E,E,B,E,B,E
F,B,A,E,D,C,B,D,D,E,E,E,A,E,A,NA
F,B,A,E,C,E,B,B,C,E,D,E,E,E,B,E
M,B,A,E,D,E,E,A,D,D,C,E,C,E,A,E
F,D,A,E,C,A,B,B,B,E,D,E,D,B,A,A
F,B,A,E,D,E,A,B,C,D,E,E,B,E,E,E
M,B,A,B,D,A,B,NA,A,A,D,A,A,A,A,A
M,B,A,E,C,D,A,B,C,D,C,B,B,A,B,B
M,A,A,D,C,E,A,B,D,C,D,A,B,B,A,A
M,B,A,E,E,E,B,B,A,E,D,E,B,E,E,NA
F,B,A,E,D,E,A,B,D,E,A,E,B,E,B,E
M,B,D,E,C,E,A,B,A,B,C,E,D,C,E,A
F,B,A,E,D,E,B,B,D,E,C,E,A,E,A,C
F,B,A,E,D,C,A,D,D,C,D,E,B,B,A,E
F,B,A,E,C,E,B,B,C,E,E,E,B,E,B,E
M,B,A,E,D,A,B,B,C,E,D,B,D,E,A,E
F,B,A,E,D,A,B,B,D,C,E,B,B,E,A,E
M,B,A,E,C,E,B,B,C,A,D,E,B,E,B,E
F,B,A,E,D,E,B,B,C,E,D,E,B,E,C,E
F,B,A,E,C,E,A,B,B,C,E,C,D,B,A,E
F,B,A,E,A,E,B,B,B,D,D,E,B,E,C,E
M,B,A,E,C,E,E,E,D,C,C,E,A,B,B,E
M,B,A,E,D,E,B,B,C,C,E,D,B,A,A,E
M,B,A,E,D,E,B,D,D,E,E,A,B,E,C,E
M,B,A,E,D,E,B,D,E,D,E,A,C,B,C,A
M,B,A,E,D,E,B,B,C,C,E,E,E,E,D,E
M,B,A,E,C,E,B,B,C,C,E,B,D,B,A,E
M,B,A,E,D,E,B,A,C,C,C,E,A,E,D,E
F,B,A,E,C,C,C,B,C,E,D,E,C,B,B,B
M,A,A,E,D,E,A,A,B,E,D,E,A,E,A,E
M,B,A,E,D,E,A,B,A,E,D,C,B,E,C,E
M,B,A,E,D,A,A,C,A,A,A,B,B,D,A,B
M,B,A,E,C,E,A,B,C,C,D,D,B,A,C,B
M,B,A,E,D,A,A,B,C,D,E,E,B,C,B,E
M,B,A,E,C,E,B,B,C,E,D,E,B,E,B,E
M,B,A,A,C,E,B,D,D,C,D,E,D,B,A,E
M,B,A,E,D,E,D,B,C,C,E,E,A,E,B,C
M,B,A,E,C,E,D,B,C,E,D,E,B,E,A,E
F,NA,A,E,D,E,D,B,D,C,E,E,B,B,B,E
M,B,A,E,D,E,E,B,C,E,E,D,D,B,B,E
F,C,A,E,NA,C,D,B,E,A,NA,B,E,B,B,D
F,B,A,E,E,C,NA,NA,A,E,E,E,B,E,B,A
M,B,A,E,A,E,D,B,A,E,D,E,B,E,C,E
F,E,A,E,A,B,E,B,B,D,B,B,E,C,B,B
M,B,C,A,B,B,D,B,B,B,E,E,A,NA,NA,NA
M,B,A,E,D,C,B,B,C,E,E,B,B,E,B,B
F,A,D,A,NA,D,B,C,D,E,B,D,NA,B,A,A
M,B,A,E,D,E,D,B,C,E,D,E,B,E,A,E
F,A,A,NA,NA,NA,NA,E,NA,D,NA,B,NA,NA,NA,NA
F,B,A,E,D,E,A,B,B,D,D,D,C,E,C,A
F,B,A,E,C,E,D,B,B,E,D,C,B,B,A,E
M,E,A,E,D,E,D,B,C,E,D,D,B,E,B,E
F,B,A,C,D,E,B,B,C,E,D,B,D,E,A,E
F,B,A,E,E,E,B,D,C,E,D,E,B,NA,B,E
M,B,A,A,A,A,B,C,C,E,NA,D,D,NA,B,E
M,NA,NA,NA,NA,NA,NA,NA,NA,NA,NA,NA,NA,B,NA,B
M,B,A,E,C,E,D,B,C,A,E,E,B,E,D,E
F,B,A,E,D,E,D,E,C,E,C,D,B,E,B,E
F,B,A,E,D,E,E,B,B,E,E,B,D,E,B,E
F,NA,NA,D,D,NA,B,NA,NA,NA,NA,B,E,NA,NA,NA
M,B,A,E,D,E,D,B,D,D,C,C,B,E,A,A
F,E,A,E,D,E,B,B,C,E,D,E,B,E,C,E
F,B,A,E,A,E,D,B,C,E,D,B,A,E,B,E
F,B,A,E,E,E,A,B,E,C,D,C,B,B,B,D
F,B,A,E,C,E,D,B,C,C,E,E,B,E,D,E
F,B,A,E,A,C,B,B,C,D,D,B,B,E,B,E
M,E,A,D,A,A,D,B,B,B,C,A,E,B,A,B
F,B,A,E,D,E,B,B,C,E,D,E,B,B,C,E
F,B,E,E,C,B,C,A,C,C,E,E,D,A,B,B
F,B,A,E,A,E,A,B,C,C,D,B,NA,B,NA,NA
F,B,A,E,D,D,D,B,C,C,C,D,E,E,C,D
F,B,A,E,C,E,E,B,C,E,E,B,B,E,B,E
F,NA,NA,NA,D,NA,NA,B,D,C,C,B,B,E,NA,E
F,B,A,E,D,E,B,B,B,C,C,B,D,B,B,A
F,B,A,E,D,E,B,B,D,D,B,D,B,E,A,E
M,B,A,E,D,E,B,B,D,E,NA,B,NA,NA,NA,NA
F,B,A,E,C,B,NA,B,D,C,D,C,B,E,C,E
M,B,A,E,E,C,E,NA,C,B,E,B,E,E,C,A
F,B,D,D,A,C,A,E,D,E,A,B,E,C,B,B
M,B,A,E,A,D,B,D,B,C,C,E,D,A,B,E
F,B,A,E,D,E,D,B,E,E,E,E,B,E,E,E
M,B,A,D,A,A,D,B,D,A,C,B,B,B,B,A
F,E,A,E,A,E,D,B,C,E,E,C,D,B,B,C
F,B,A,E,D,E,C,D,B,E,D,B,D,E,C,D
M,B,A,E,C,E,D,B,C,E,D,E,B,E,A,E
F,E,A,E,NA,NA,B,E,C,NA,D,B,B,B,C,A
F,A,E,B,D,A,C,D,A,C,C,A,B,E,B,D
F,E,A,E,D,NA,D,B,B,E,C,B,B,B,A,E
M,B,A,C,D,E,E,A,E,E,D,B,C,D,B,B
F,B,A,E,D,E,B,C,C,D,E,E,D,E,C,E
M,B,A,E,A,E,D,B,E,E,E,B,E,NA,C,E
M,B,NA,D,D,E,D,B,D,D,C,B,B,A,B,D
F,B,A,E,D,E,D,E,C,E,E,B,C,E,B,D
M,A,B,E,B,E,E,B,B,B,E,B,NA,E,B,E
M,B,A,E,C,E,D,B,C,E,D,D,B,E,A,E
M,B,A,E,C,E,B,B,C,E,D,E,B,E,A,E
M,B,A,E,E,B,E,B,C,C,E,B,B,NA,NA,E
F,C,A,E,D,C,E,B,D,E,A,C,B,A,B,B
M,D,A,B,E,D,D,B,E,C,B,D,B,D,E,C
M,E,A,D,E,E,B,E,E,E,E,B,B,C,E,A
F,B,C,E,E,A,B,E,B,NA,C,E,E,NA,NA,NA
M,B,A,D,D,E,D,B,E,B,NA,B,A,NA,NA,NA
F,C,A,D,E,NA,D,B,D,E,D,C,D,D,B,E
F,B,A,E,E,C,B,B,NA,C,E,B,D,A,A,D
F,B,A,E,D,E,D,B,B,A,E,E,E,B,B,E
M,B,A,E,D,A,B,B,C,E,D,E,B,E,C,E
M,B,A,E,C,E,D,C,C,E,E,E,D,E,A,E
M,B,NA,NA,NA,E,C,B,C,E,NA,NA,B,B,NA,NA
F,B,A,E,C,E,D,B,C,E,C,E,B,E,A,E
M,B,A,E,D,C,B,E,C,B,B,B,D,B,B,E
F,B,NA,E,C,E,NA,B,C,E,D,E,B,NA,A,NA
M,B,A,E,C,E,D,B,B,E,D,E,B,B,A,E
M,B,A,E,D,E,B,B,C,A,D,E,D,E,A,E
M,B,A,E,C,E,B,D,E,E,E,B,D,D,A,E
F,B,A,E,D,E,B,B,C,E,D,E,B,C,A,E
M,B,A,E,C,C,D,B,C,E,C,E,B,E,A,E
F,B,A,E,B,E,D,A,E,E,E,E,B,E,E,E
M,E,A,B,C,A,D,E,C,C,D,E,B,B,D,A
M,B,A,E,A,A,B,B,A,B,C,B,NA,NA,NA,NA
M,B,A,E,C,E,D,A,C,E,E,E,B,E,C,E
M,NA,A,NA,C,B,D,A,C,E,E,E,B,E,A,C
F,B,A,E,D,A,B,E,C,D,C,B,D,NA,NA,NA
F,B,A,E,D,B,D,B,A,C,C,B,D,E,B,E
F,B,A,E,E,A,B,B,A,E,D,B,E,B,B,NA
F,B,A,E,D,E,C,D,C,E,A,E,B,E,B,NA
M,B,A,E,A,E,D,B,C,E,D,E,B,A,D,E
M,B,A,E,D,E,D,B,C,C,D,E,B,E,C,E
M,B,A,E,D,B,B,B,C,E,D,C,E,D,C,E
F,B,A,E,D,E,D,B,C,C,D,E,B,E,A,E
M,B,A,E,E,E,B,E,B,E,C,B,D,C,B,E
M,B,A,E,D,B,C,B,C,A,D,C,E,C,B,A
F,B,A,E,D,C,B,B,D,E,D,E,B,E,B,E
F,B,A,E,D,C,E,B,B,E,E,B,D,E,B,A
M,B,A,E,D,A,B,B,C,E,D,E,B,B,A,E
F,B,A,E,C,E,D,A,D,A,E,B,A,B,A,E
M,C,A,E,C,A,D,E,E,A,E,C,B,D,E,D
F,B,A,E,D,B,C,B,E,D,C,B,E,A,B,D
M,B,A,E,C,E,D,B,C,E,D,E,E,E,B,E
M,B,A,E,C,A,D,B,C,E,C,E,D,E,C,E
M,B,A,E,C,E,D,B,B,C,B,E,D,E,B,E
M,B,A,E,D,E,D,D,D,C,E,A,B,D,A,A
F,B,A,E,D,E,B,B,C,E,C,E,C,E,B,A
M,B,A,E,E,D,E,NA,C,A,C,D,D,C,D,D
F,D,D,D,B,E,NA,NA,A,A,NA,E,B,NA,NA,D
F,B,A,NA,NA,NA,NA,NA,E,NA,D,NA,B,NA,B,E
F,B,E,E,A,E,E,D,D,NA,A,A,E,D,A,E
F,A,D,D,A,B,A,D,E,E,A,A,A,A,D,E
F,A,A,E,D,A,D,D,A,D,E,B,E,B,A,B
M,B,A,E,D,E,C,B,E,B,C,C,NA,NA,NA,NA
M,B,A,E,C,E,D,B,C,E,C,E,B,B,B,D
M,B,NA,NA,C,A,B,NA,C,C,D,B,D,E,A,E
M,B,A,E,D,E,B,B,C,E,D,E,B,E,B,E
F,E,D,D,A,D,E,D,E,B,E,B,E,A,D,A
M,B,A,E,D,E,B,B,C,A,C,C,A,E,A,D
M,B,A,E,E,C,B,C,C,E,E,E,B,E,A,A
M,A,A,E,D,B,B,B,D,A,E,E,B,E,B,E
F,B,A,E,C,E,D,B,C,E,D,E,B,E,C,E
F,B,D,E,C,C,D,E,A,A,A,E,B,B,A,E
M,D,A,E,A,E,D,B,C,E,E,B,A,E,C,D
M,B,A,E,C,E,D,B,D,E,D,E,B,E,A,E
F,B,A,E,A,E,B,B,C,E,E,E,B,E,NA,C
F,B,A,E,D,E,B,B,C,E,D,E,B,E,C,D
F,B,A,E,A,E,B,B,C,E,D,E,B,E,C,A
M,B,A,E,D,E,B,E,C,E,D,D,B,B,C,E
F,B,A,E,C,E,E,B,C,E,D,E,B,C,C,E
F,B,A,E,E,E,D,B,A,E,E,D,B,E,A,E
M,B,A,NA,NA,NA,NA,B,NA,E,NA,NA,B,NA,NA,E
F,B,A,D,A,E,D,A,C,E,C,B,D,A,A,E
M,B,A,E,A,C,E,B,C,C,D,E,B,E,C,E
F,B,A,E,D,E,B,B,C,E,C,E,B,E,A,E
F,B,A,E,E,E,D,B,A,E,D,E,B,E,A,E
M,B,A,E,A,C,C,B,A,D,D,B,B,E,E,A
M,A,D,B,D,A,E,B,B,E,E,B,B,A,B,B
M,B,A,E,C,A,D,B,E,C,C,E,D,E,B,E
M,B,A,E,D,E,A,B,C,C,D,E,B,B,A,D
F,B,NA,NA,A,E,B,E,C,E,D,E,B,E,C,E
F,B,A,E,D,E,B,B,C,E,E,E,B,E,B,E
M,B,A,E,C,E,D,B,C,E,D,E,B,E,B,E
F,C,B,A,NA,B,NA,C,B,NA,NA,NA,A,NA,NA,B
M,B,A,E,D,E,A,B,C,E,D,A,B,B,A,A
M,B,A,E,D,E,B,C,D,E,D,NA,A,A,A,A
F,B,A,D,C,C,D,E,D,E,C,D,B,B,A,A
F,B,A,E,A,E,B,B,C,A,E,E,B,E,E,E
M,B,A,E,A,A,D,B,C,E,D,B,B,A,A,C
F,A,D,B,B,E,C,B,D,C,D,B,NA,D,B,A
M,A,A,E,D,E,B,E,C,D,C,E,B,E,B,E
M,B,A,E,C,E,D,B,C,E,D,E,B,E,C,E
F,B,A,E,A,NA,B,D,C,E,D,B,B,B,A,D
F,D,A,D,D,A,NA,D,D,C,D,B,E,C,B,C
M,B,A,E,A,E,B,E,D,E,D,E,B,E,E,D
M,B,B,E,A,E,D,E,D,E,C,B,E,C,A,E
M,NA,A,D,B,NA,D,C,B,A,B,B,D,B,E,D
M,C,A,E,D,A,D,B,D,E,D,B,B,A,B,D
M,B,A,D,D,NA,B,D,D,A,E,B,A,A,A,E
F,B,A,E,D,E,D,B,D,E,C,E,B,B,C,E
F,B,A,E,C,E,B,B,C,E,D,E,B,E,C,E
F,B,A,E,D,D,E,D,C,B,D,D,E,A,C,D
M,B,A,D,C,E,D,B,C,A,C,E,B,E,C,E
M,B,A,E,A,NA,D,E,C,C,D,B,B,D,A,C
M,B,A,E,C,E,A,B,B,NA,NA,B,D,B,B,C
M,E,A,B,A,B,D,B,B,C,E,C,E,E,B,E
F,B,A,E,E,E,B,B,C,NA,NA,NA,B,E,NA,NA
F,B,A,E,D,E,B,E,D,E,C,D,A,B,D,E
F,B,NA,E,C,E,B,B,E,E,D,C,B,B,A,E
F,E,A,E,A,E,E,D,A,E,A,E,D,D,A,A
M,B,A,E,C,E,B,B,C,E,B,E,B,E,C,E
M,A,A,E,C,E,B,B,C,C,C,B,A,E,C,E
M,B,A,E,D,E,D,B,C,E,C,E,B,E,D,E
F,B,A,E,A,E,B,B,C,E,NA,E,A,B,B,E
F,B,A,E,D,E,D,B,B,E,C,E,B,E,B,E
M,B,A,E,A,E,D,B,C,E,E,E,B,E,E,E
F,B,A,E,D,E,B,E,NA,NA,NA,B,B,E,NA,NA
M,B,A,E,D,A,D,A,B,B,E,C,D,B,D,B
F,B,A,E,D,NA,B,B,D,C,E,B,A,E,A,D
F,B,A,E,A,D,B,D,C,E,D,C,A,B,D,E
M,B,A,C,C,A,E,E,A,B,C,E,B,E,B,D
M,B,A,B,A,E,C,D,D,E,E,C,A,E,C,E
M,B,NA,NA,A,E,D,B,C,E,D,NA,B,E,NA,E
F,B,A,E,C,E,D,B,D,E,D,E,B,E,A,E
M,C,A,B,C,B,B,A,D,E,D,B,C,B,A,B
F,B,A,E,D,E,B,B,A,C,C,E,B,E,C,E
F,NA,A,E,A,E,NA,NA,D,NA,NA,NA,NA,NA,NA,NA
F,B,A,E,D,E,D,D,B,NA,NA,E,D,E,A,B
M,B,A,E,D,E,NA,E,B,C,E,NA,NA,NA,NA,NA
F,D,A,E,D,E,D,B,C,C,E,E,E,B,A,D
F,B,A,E,D,E,D,B,C,C,D,A,B,E,B,E
M,B,A,E,C,A,B,B,C,C,E,B,B,E,A,A
F,B,A,E,D,E,B,B,C,E,E,E,B,E,A,E
F,B,A,E,A,A,B,B,C,E,E,D,E,B,A,E
F,B,A,E,C,E,B,B,C,A,C,E,B,E,A,E
M,E,A,D,A,B,B,B,E,A,NA,B,A,D,D,B
M,D,A,E,D,D,D,B,C,A,A,NA,NA,NA,A,NA
F,C,D,E,A,NA,NA,NA,NA,NA,NA,NA,NA,NA,NA,NA
F,B,A,E,C,A,D,B,C,D,C,E,B,E,C,A
M,B,D,E,A,NA,C,C,D,A,B,C,NA,C,E,D
M,B,A,E,C,NA,D,B,C,E,D,D,B,E,A,E
F,C,A,D,A,A,E,B,A,D,E,B,B,E,A,C
F,B,A,E,A,E,A,B,D,C,E,B,D,D,C,D
F,B,A,E,D,E,D,B,C,D,E,E,B,E,B,E
M,D,C,E,NA,E,NA,NA,NA,E,NA,NA,NA,NA,NA,NA
F,B,C,A,E,D,E,D,A,B,C,D,A,A,B,C
F,B,NA,E,D,E,B,B,B,E,NA,B,B,B,B,E
F,B,A,E,D,C,B,B,C,E,E,B,B,E,B,B
F,B,A,E,C,E,D,B,C,E,D,E,B,E,C,E
M,B,A,C,A,A,D,B,C,E,B,B,B,A,A,B
F,B,E,E,A,E,D,E,C,A,D,E,E,E,NA,NA
M,B,A,E,D,B,B,B,A,E,E,E,A,E,C,E
M,B,A,E,E,E,D,B,D,E,D,D,B,E,B,E
M,B,A,E,E,E,E,A,C,C,E,E,E,E,E,E
M,B,C,E,D,E,D,E,A,C,D,E,B,B,C,NA
F,B,A,E,D,B,B,B,C,NA,NA,NA,NA,NA,NA,NA
F,E,A,E,C,E,B,B,C,E,D,E,A,B,D,E
M,B,A,E,B,E,B,B,C,E,C,E,B,E,A,E
F,B,C,E,D,C,E,B,C,E,E,B,B,E,C,E
M,B,A,E,E,C,B,C,C,C,E,E,A,C,B,E
M,C,A,E,NA,NA,D,B,B,D,E,D,D,E,C,E
M,B,A,E,D,E,D,B,A,C,D,B,B,D,A,B
F,B,A,E,D,C,B,NA,E,B,A,NA,B,C,A,B
M,B,A,E,E,E,B,B,C,C,D,E,D,E,B,E
F,B,NA,E,D,A,C,B,C,E,C,B,B,B,D,E
F,B,A,E,D,E,A,B,C,E,D,E,B,E,C,E
M,B,A,E,B,E,B,NA,D,A,C,D,A,B,A,D
F,A,A,B,C,E,D,B,E,C,E,A,B,C,A,C
F,B,A,E,A,D,E,C,E,E,C,B,E,D,A,C
M,B,A,E,D,E,B,B,A,A,B,B,A,E,A,E
M,B,A,E,A,E,D,B,C,E,C,C,D,E,C,D
M,B,C,C,E,B,B,C,D,C,C,A,A,E,B,D
F,B,A,E,D,E,C,B,C,B,C,E,D,B,A,D
F,B,A,E,D,E,B,B,C,E,D,C,A,C,B,D
F,B,A,E,D,E,B,B,C,E,D,E,B,E,B,E
F,B,A,E,C,E,B,B,C,A,D,E,B,E,A,E
F,B,A,E,D,E,B,B,C,E,E,E,B,E,C,E
F,B,A,D,E,E,D,B,E,A,C,D,B,B,C,E
F,B,A,E,D,E,B,B,C,C,D,E,B,E,B,E
F,B,A,E,C,E,B,B,B,E,E,E,B,B,B,E
F,A,A,E,D,E,A,A,B,E,D,E,D,E,A,E
F,B,A,E,C,E,B,B,C,E,E,E,B,E,A,A
F,B,A,E,D,B,NA,B,D,E,D,E,D,NA,C,E
NA,B,A,E,D,E,B,A,C,E,D,C,B,B,B,E
F,B,A,E,D,E,D,B,B,C,C,B,D,E,A,E
F,B,A,E,D,E,A,B,C,E,D,E,D,C,B,E
F,C,A,E,A,A,B,D,C,D,C,B,E,A,B,C
F,B,A,E,D,E,B,B,C,A,D,E,B,E,A,E
F,B,D,E,D,B,D,A,D,E,E,E,B,E,NA,NA
F,B,A,E,C,E,B,B,D,C,C,E,B,B,B,E
F,A,A,E,D,C,C,B,C,E,D,B,D,E,A,E
F,B,A,E,D,B,E,B,A,C,C,E,B,E,A,E
F,B,A,E,D,E,B,B,C,E,C,E,B,E,A,E
F,B,A,E,D,E,B,E,C,E,D,E,B,E,A,E
F,B,A,E,C,E,D,B,D,E,C,E,B,E,A,E
F,B,A,E,A,E,B,E,C,C,D,B,B,A,B,E
F,B,A,E,D,E,B,B,C,C,D,E,B,E,E,E
F,B,A,E,C,E,B,A,C,E,E,E,D,B,A,E
F,B,A,A,E,B,E,B,A,E,E,E,B,E,C,E
F,B,A,E,D,E,B,B,C,C,E,E,D,E,A,E
F,B,A,E,D,A,B,B,C,D,D,E,B,E,A,E
F,A,A,E,C,E,B,NA,C,A,E,E,C,A,B,D
F,D,A,E,C,E,B,B,C,D,E,B,B,E,A,A
F,B,A,E,D,E,B,B,C,C,C,E,B,E,A,A
F,B,D,D,A,C,B,B,D,A,D,C,E,A,A,C
F,B,A,E,B,E,A,B,C,E,C,E,B,E,B,E
F,B,A,E,C,E,B,C,C,E,E,E,B,B,A,D
F,B,A,E,D,E,B,B,C,E,D,B,A,E,A,E
F,B,A,E,D,E,B,B,C,C,D,E,D,E,A,E
F,B,A,E,E,B,D,C,A,E,A,A,D,B,C,E
F,A,A,E,A,E,D,A,B,C,B,B,E,A,A,E
F,B,A,E,D,E,B,B,C,E,D,E,C,E,A,E
F,B,A,E,D,E,B,B,C,E,E,E,D,B,A,E
F,B,A,E,A,B,B,B,C,A,E,E,B,C,A,E
F,B,A,E,A,E,A,B,C,D,D,E,D,E,A,E
F,D,A,E,C,A,B,B,C,A,D,E,B,B,B,E
F,B,A,E,A,E,B,B,C,C,A,B,C,D,B,A
F,B,A,E,A,E,B,B,C,E,E,E,D,E,A,E
F,B,A,E,D,B,B,B,C,E,E,E,B,E,D,A
F,B,A,E,D,E,B,D,C,C,D,E,B,E,A,E
F,B,A,E,A,E,B,B,C,E,E,C,B,E,B,E
F,B,A,E,C,E,B,B,C,E,C,E,B,E,C,E
F,B,A,E,D,E,B,A,D,E,E,E,D,B,A,E
F,B,A,E,C,E,A,E,C,B,D,C,B,E,B,E
F,B,A,E,C,E,B,C,C,E,D,E,B,E,B,E
F,B,A,E,D,C,B,B,C,E,D,E,B,B,C,E
F,B,A,E,C,E,B,D,C,A,D,E,B,E,C,E
F,B,A,E,D,E,B,B,C,D,D,E,C,B,A,A
F,B,A,E,D,E,B,B,C,E,D,E,D,B,A,C
F,B,A,E,C,E,B,B,C,E,D,E,B,E,A,E
F,B,A,E,D,E,B,B,C,E,E,D,B,E,A,E
F,B,A,E,D,E,B,B,C,E,D,NA,B,E,B,A
F,A,A,A,D,E,B,D,A,A,E,E,D,B,B,E
F,B,A,E,D,E,B,B,B,E,D,C,B,E,A,NA
F,B,A,E,C,A,B,B,D,E,D,E,B,B,C,E
F,B,A,E,D,E,B,B,C,E,E,E,B,E,B,C
F,B,A,E,D,E,B,B,C,C,D,E,B,E,B,E
F,A,A,E,B,E,A,A,B,E,D,E,A,E,E,E
F,B,A,E,D,E,B,B,C,NA,C,C,B,E,C,E
F,B,A,E,D,E,B,B,B,E,D,E,B,E,A,E
F,B,C,E,A,E,B,B,C,E,C,D,E,A,NA,NA
F,B,A,E,A,E,B,B,C,B,C,E,C,E,C,E
F,B,A,E,C,E,A,A,C,E,D,E,NA,C,B,E
F,D,A,E,B,A,A,A,B,E,E,E,D,A,A,E
F,B,A,E,C,E,B,B,C,E,E,E,B,E,C,E
F,B,A,E,C,E,B,B,A,E,D,E,B,E,C,E
F,B,A,E,C,A,B,C,C,E,D,NA,B,E,B,E
F,B,A,E,D,A,B,B,D,E,E,C,D,E,B,D
F,A,A,E,A,E,D,A,E,B,E,B,D,E,D,E
F,B,A,E,D,E,B,B,D,A,D,D,A,B,C,D
F,B,A,E,D,E,B,B,C,E,D,C,B,E,A,A
F,B,A,E,A,C,B,B,C,E,D,E,B,E,A,E
F,B,A,E,C,E,B,B,C,C,D,E,B,E,A,E
F,B,A,E,D,D,B,B,D,E,E,E,E,B,B,E
F,B,A,E,C,E,B,B,C,E,C,E,B,E,C,E
F,B,A,E,C,E,A,B,C,E,D,E,B,E,B,E
F,A,A,E,A,E,B,B,B,E,D,E,B,E,A,E
F,A,A,E,D,E,B,B,C,E,E,C,C,A,A,E
F,B,A,A,D,E,B,B,C,NA,NA,C,A,B,A,E
F,B,A,E,D,E,B,B,B,E,D,E,B,E,A,C
F,B,A,E,D,A,A,B,C,E,C,B,B,E,C,E
F,B,A,E,D,E,B,B,C,E,D,D,B,E,C,E
F,B,A,E,D,A,B,B,C,E,D,D,B,E,B,E
F,B,A,E,C,E,B,B,C,NA,D,E,B,E,C,E
F,B,A,E,D,A,E,B,A,A,D,E,B,E,E,E
F,B,A,E,D,E,B,B,C,A,C,C,D,NA,A,NA
F,B,A,E,C,E,B,B,B,E,C,B,B,E,A,E
F,B,A,E,D,E,B,B,C,A,D,E,B,E,E,E
F,B,A,E,D,E,B,B,C,E,C,E,B,E,B,E
F,B,A,E,D,E,B,B,C,D,D,E,B,E,B,E
F,B,A,E,D,E,B,B,C,E,D,E,B,E,A,E
F,B,A,E,C,E,D,D,B,E,D,C,B,E,A,D
F,B,A,E,C,A,B,B,C,E,E,C,B,B,A,E
F,B,A,E,D,E,B,B,C,E,D,C,B,B,B,D
F,B,A,E,D,E,B,B,C,E,D,C,B,B,B,D
F,D,A,E,D,B,A,E,C,A,E,E,D,E,C,C
F,B,A,E,D,E,B,B,C,E,E,E,B,E,B,E
F,B,A,E,A,E,D,B,B,C,E,B,B,A,B,D
F,B,A,E,D,E,B,B,C,D,D,E,D,E,A,E
F,B,A,E,D,E,B,B,C,E,E,B,B,E,B,E
F,B,A,E,A,B,E,B,C,E,D,E,B,E,C,E
F,B,A,E,A,C,B,A,C,A,E,B,B,E,A,E
F,B,A,E,D,E,B,D,E,D,E,B,D,E,A,D
F,B,A,E,C,E,A,B,C,C,A,B,B,A,C,A
F,B,A,E,B,E,B,B,D,D,C,E,B,E,A,E
F,B,A,E,A,E,B,D,C,A,E,E,B,B,A,E
F,B,A,E,C,E,B,B,C,A,D,E,B,E,C,E
F,B,A,E,C,A,A,B,C,E,D,E,B,E,A,E
F,D,A,E,C,E,B,B,C,D,D,C,B,B,E,D
F,B,A,E,C,E,B,B,C,E,C,E,B,E,C,E
F,B,A,E,D,E,B,B,C,E,D,E,B,E,A,E
F,B,A,E,A,E,A,B,B,E,C,E,B,E,A,E
M,B,C,E,C,A,E,B,D,B,E,A,B,B,B,D
F,B,A,E,C,C,B,B,C,E,E,E,B,E,C,E
F,B,A,E,D,E,A,B,C,E,D,E,B,B,C,E
M,B,A,E,C,A,B,A,D,NA,E,E,B,E,A,E
F,B,A,E,D,E,E,B,E,C,C,NA,B,E,B,E
NA,D,A,E,A,C,C,B,E,A,D,B,D,A,B,B
M,A,E,C,B,NA,A,D,NA,E,B,B,C,A,E,E
M,B,A,NA,A,B,C,A,D,A,E,B,E,A,C,B
M,B,A,E,D,E,B,B,C,E,D,E,B,E,C,E
NA,B,A,E,E,E,E,D,E,A,C,C,A,E,B,B
F,B,A,E,C,E,B,B,A,E,D,E,B,B,E,E
M,B,A,E,C,E,B,C,C,E,E,E,B,E,B,A
F,B,A,E,C,E,B,B,D,C,D,E,A,E,C,E
F,B,A,E,D,E,B,B,B,E,D,E,B,E,C,E
F,B,C,E,C,E,A,A,E,E,B,A,B,B,E,A
NA,B,NA,E,E,A,NA,NA,D,C,B,C,E,NA,NA,NA
F,B,A,A,C,E,A,B,D,E,C,B,E,E,B,E
F,C,C,E,D,E,A,A,E,C,NA,NA,NA,NA,NA,NA
NA,B,A,E,A,E,NA,D,A,NA,D,C,A,E,A,E
M,B,A,E,C,E,B,B,D,E,E,C,D,B,A,E
NA,B,A,E,D,E,B,B,C,D,E,E,B,B,B,A
F,C,A,E,D,B,A,B,D,D,E,NA,B,B,B,D
NA,B,A,E,C,E,A,B,C,E,D,D,B,E,B,E
M,B,A,E,D,A,B,A,C,E,D,C,A,B,B,NA
F,B,A,E,C,E,E,B,C,D,B,A,E,E,A,E
NA,B,A,E,D,E,B,B,C,E,D,E,D,E,C,E
M,B,NA,E,NA,E,B,A,D,C,A,B,D,A,B,A
F,B,A,E,C,E,NA,B,C,E,E,E,B,B,A,E
M,B,A,E,C,A,B,A,D,C,E,B,D,A,A,C
M,B,E,E,D,A,B,B,B,C,D,E,B,E,B,C
M,B,A,E,D,A,B,A,C,C,C,E,D,B,B,A
M,B,A,E,D,E,B,D,B,D,E,C,B,A,E,A
NA,B,A,E,C,E,A,B,A,E,NA,B,D,E,A,E
NA,B,B,B,E,A,A,E,E,A,E,C,E,B,E,D
NA,B,A,E,C,D,B,D,C,D,C,E,NA,NA,NA,NA
M,B,A,E,A,E,B,E,C,C,B,E,B,B,B,A
M,B,A,E,E,B,D,A,D,A,E,B,D,C,C,B
M,B,D,E,C,A,D,A,C,A,D,B,B,C,A,B
F,B,A,E,D,E,C,B,C,C,C,C,A,E,A,E
M,A,A,A,A,A,A,A,B,B,A,B,C,A,A,A
NA,B,A,E,C,E,B,B,C,E,D,E,B,E,A,E
NA,B,A,D,D,E,D,B,C,E,E,A,B,B,NA,E
M,B,A,E,D,E,B,B,C,C,D,B,B,E,A,E
M,B,A,E,C,E,B,B,C,E,C,E,B,E,A,E
NA,B,A,E,D,E,B,B,C,E,E,E,C,E,A,E
NA,B,C,D,A,NA,NA,NA,NA,NA,NA,NA,NA,NA,NA,NA
M,B,A,E,D,E,A,B,A,E,D,C,B,B,C,E
F,B,A,D,E,E,B,D,D,C,E,D,D,B,B,C
M,B,A,E,C,E,E,D,C,E,E,E,A,E,B,E
M,B,A,E,D,E,A,B,C,E,D,E,B,E,A,E
NA,B,A,E,D,E,B,B,C,C,E,E,B,E,A,E
NA,B,A,E,C,E,B,A,B,C,E,E,C,E,C,E
NA,B,C,E,D,E,B,B,C,C,D,E,B,C,A,E
F,B,A,E,D,E,E,A,B,D,E,E,C,C,A,E
F,C,A,NA,B,B,B,NA,E,C,C,C,B,D,A,D
M,B,A,E,E,E,E,B,A,C,E,E,B,E,NA,D
NA,A,A,E,C,C,B,E,E,B,D,D,A,C,D,A
F,A,A,E,A,B,E,D,D,D,E,B,E,B,B,A
M,B,A,E,C,E,B,B,C,E,D,E,B,E,C,E
NA,A,A,D,D,E,E,E,B,E,D,B,B,B,A,B
M,B,A,E,C,E,B,B,C,E,D,E,A,B,B,E
M,B,C,A,D,A,A,A,D,C,E,B,D,A,A,B
M,B,A,E,C,E,B,E,A,E,D,E,B,E,A,E
M,B,A,E,D,E,A,A,C,C,E,C,B,E,C,E
F,B,A,E,C,E,B,B,E,D,C,A,A,A,C,E
M,B,A,E,D,E,B,B,D,C,D,E,B,E,A,E
NA,B,A,E,C,E,B,B,C,D,D,E,A,E,D,C
M,B,A,E,C,D,B,E,C,E,C,E,D,B,B,C
F,B,A,E,E,E,B,E,B,C,A,C,D,B,A,E
M,B,A,B,C,A,E,B,D,C,D,B,D,D,A,D
F,B,A,E,D,E,B,B,C,E,E,E,B,B,A,E
M,B,A,E,C,D,E,D,D,C,C,B,C,E,A,E
F,C,D,E,A,E,B,B,A,C,B,B,E,B,B,D
F,B,A,E,D,E,B,B,D,E,E,E,B,E,C,E
NA,B,A,A,E,A,B,D,D,NA,E,A,E,A,A,E
NA,B,A,E,C,E,D,B,C,E,D,E,C,E,A,D
F,B,A,E,D,E,B,B,B,E,E,E,B,E,B,A
NA,B,A,E,C,E,A,B,C,C,C,E,B,B,C,B
NA,D,A,E,D,E,A,B,D,C,D,E,D,B,A,E
NA,B,A,E,C,E,D,B,C,E,D,E,B,E,A,E
F,B,A,B,A,D,B,D,C,NA,E,E,E,E,NA,NA
M,B,A,B,D,A,B,B,B,E,D,C,B,E,B,A
NA,B,D,E,C,E,B,B,NA,E,D,E,B,E,NA,NA
NA,B,A,E,C,E,B,B,D,C,D,E,B,E,A,E
NA,B,A,E,C,E,B,B,C,E,E,E,B,B,A,E
F,B,D,E,D,E,B,A,C,C,E,E,B,E,NA,NA
M,B,A,D,A,A,E,D,E,NA,E,E,D,A,A,E
F,B,A,E,D,E,A,B,NA,C,D,E,B,B,C,E
M,B,A,A,C,A,B,B,D,C,E,B,B,A,A,A
F,B,A,E,A,E,E,D,C,C,D,C,A,B,A,E
F,B,A,E,D,E,A,B,C,E,D,E,B,E,C,E
NA,B,A,B,A,E,B,B,B,E,D,D,D,E,C,E
M,B,A,A,C,E,D,A,C,C,E,B,A,A,A,D
M,B,A,E,C,E,B,B,C,E,C,E,B,B,C,E
NA,B,A,E,C,C,B,B,A,E,D,D,B,B,C,A
NA,E,A,B,NA,D,B,NA,D,A,B,NA,NA,NA,C,A
M,A,NA,E,C,E,D,C,B,E,D,E,A,C,A,D
NA,B,A,E,D,E,C,B,C,E,E,B,B,E,A,NA
F,B,A,D,E,A,E,E,D,D,E,B,E,C,D,B
NA,B,D,E,C,E,E,D,B,E,B,C,A,B,A,E
NA,B,A,E,D,E,B,B,B,E,D,E,D,B,C,E
NA,C,D,D,A,E,A,C,E,B,A,C,B,A,E,C
M,A,NA,E,D,B,A,A,B,E,E,E,A,A,NA,E
M,B,A,E,C,E,B,B,C,E,D,E,D,E,A,E
M,B,A,E,C,D,B,E,C,E,D,E,B,E,C,E
F,B,A,NA,D,E,E,D,E,C,D,B,D,E,A,NA
NA,B,A,E,E,E,D,C,A,C,E,B,B,A,NA,NA
NA,B,A,E,C,E,B,B,D,D,E,C,NA,B,B,E
M,B,A,E,E,E,A,B,D,B,E,B,B,D,A,C
NA,B,A,E,D,E,B,B,A,C,E,E,C,E,C,A
F,B,A,E,D,E,B,B,D,E,E,E,E,E,C,E
M,C,A,E,D,E,B,B,C,E,D,E,B,E,E,E
F,B,D,E,C,E,B,B,C,E,D,E,B,E,B,E
M,B,A,E,D,E,C,A,E,D,D,E,B,D,A,E
M,B,A,E,D,E,B,B,C,E,D,E,B,E,C,E
F,B,A,E,C,E,B,B,D,D,E,D,B,C,A,E
F,B,A,E,C,A,C,B,C,A,E,B,B,B,A,C
M,B,A,E,D,E,B,B,B,C,D,B,B,E,A,E
F,B,A,E,D,E,E,E,C,A,E,D,B,NA,E,E
M,B,A,E,C,E,E,D,C,E,C,E,B,B,B,A
M,B,A,E,C,E,B,B,A,C,D,E,B,E,NA,E
NA,B,A,E,D,E,B,B,C,E,D,E,D,E,C,E
M,B,A,E,D,A,B,B,D,E,E,NA,B,B,NA,NA
NA,B,A,E,C,NA,B,D,C,NA,C,E,B,B,A,E
F,B,A,E,A,C,NA,E,C,D,C,E,E,E,E,E
NA,B,A,C,A,NA,C,E,B,C,B,B,E,E,A,C
M,B,A,E,C,E,B,B,C,E,D,E,B,E,B,E
M,B,A,E,C,E,B,E,C,D,E,E,A,NA,C,E
NA,B,A,D,A,C,A,B,E,D,E,A,E,B,B,A
F,B,A,E,D,A,A,B,C,E,C,B,B,E,D,E
F,B,A,E,A,E,B,B,D,D,E,B,B,B,B,C
M,B,A,E,D,E,C,B,C,A,C,E,B,E,A,E
M,B,A,E,A,A,E,B,B,E,E,B,A,B,A,B
M,B,C,E,B,E,B,E,D,E,D,B,B,B,C,E
M,B,A,E,C,B,B,B,C,E,D,E,B,E,A,A
M,B,A,E,C,E,E,E,B,E,E,C,B,E,B,E
NA,NA,C,NA,B,A,D,D,B,C,C,C,E,B,A,D
M,B,D,B,A,D,B,D,D,B,E,B,B,A,NA,NA
M,B,A,E,C,E,D,C,C,E,E,E,B,E,C,A
F,B,A,E,A,A,B,B,C,E,E,B,B,E,B,E
NA,B,A,E,D,E,A,NA,C,C,E,C,A,A,B,C
M,B,A,E,C,A,E,B,C,E,C,B,D,B,A,E
M,B,A,E,D,E,A,B,C,E,D,E,B,E,B,E
NA,B,A,D,A,E,A,B,NA,E,A,E,A,B,B,C
M,B,A,NA,A,B,NA,NA,C,E,NA,NA,NA,NA,NA,NA
M,B,A,B,D,A,B,A,C,C,E,B,B,A,B,D
F,B,A,E,D,E,A,A,D,E,D,E,B,E,A,E
NA,B,A,E,E,E,A,B,C,C,D,C,D,A,A,E
F,B,A,E,D,E,A,B,C,E,D,E,B,NA,A,E
F,B,A,E,C,E,B,B,C,E,D,E,B,E,A,E
F,B,A,E,C,E,B,B,D,E,E,B,E,B,B,E
M,B,A,E,C,E,B,A,C,E,E,D,B,E,C,E
NA,B,A,E,D,E,B,B,C,D,C,E,D,E,A,E
M,A,A,E,A,E,A,B,C,A,D,E,B,E,A,E
F,B,A,E,D,E,E,E,C,NA,NA,NA,NA,NA,NA,NA
M,B,A,E,D,E,A,B,C,D,E,C,D,B,C,D
M,A,A,E,E,E,A,E,NA,B,A,C,D,NA,B,B
M,B,A,E,C,C,E,B,B,A,D,E,B,E,C,A
M,B,A,E,C,E,B,B,C,E,D,E,B,B,C,E
M,B,A,E,C,E,A,B,D,E,D,E,B,E,C,E
NA,B,A,E,C,E,A,B,B,C,C,E,D,E,A,C
M,NA,NA,A,A,NA,NA,NA,NA,NA,NA,NA,NA,NA,NA,NA
F,B,A,E,C,E,E,D,C,E,E,B,D,E,A,E
M,B,A,E,C,E,D,B,C,C,D,E,B,E,D,E
M,B,A,E,A,E,A,E,C,A,E,A,A,B,B,D
NA,B,A,E,D,E,B,D,C,A,E,A,E,D,B,C
F,B,A,E,D,E,B,D,C,C,D,E,B,D,A,E
M,B,A,E,E,E,B,B,C,E,C,B,B,B,B,E
M,B,A,E,D,E,D,B,A,E,D,E,B,B,B,E
F,B,A,E,A,E,B,B,C,E,D,E,B,B,C,A
M,B,A,E,C,E,B,B,C,C,D,E,A,E,B,E
F,B,A,E,C,E,B,B,C,E,E,E,B,E,C,E
M,B,A,E,D,E,B,B,C,E,E,E,B,NA,E,E
F,B,A,E,C,E,B,B,D,C,D,E,B,E,D,E
M,B,A,E,D,E,B,B,A,E,D,E,B,E,B,E
F,B,A,E,D,NA,B,B,C,E,D,E,B,B,C,NA
M,B,A,E,C,E,A,B,D,E,C,E,B,B,C,E
M,B,A,B,D,E,D,B,C,E,D,E,B,E,C,E
M,B,A,E,E,E,B,B,C,E,D,E,B,B,E,E
M,B,A,E,A,E,B,B,C,E,D,E,B,E,B,E
M,B,A,E,D,E,A,B,C,E,E,E,B,E,C,E
F,B,A,E,C,E,B,B,C,C,D,E,B,B,C,E
F,B,A,E,E,E,B,E,C,E,D,E,B,E,B,E
M,B,A,E,C,E,B,B,C,E,D,E,B,B,E,E
M,B,A,E,D,E,B,B,C,A,D,C,B,E,A,E
M,B,A,E,D,E,B,B,C,E,C,E,B,E,E,E
F,B,A,E,D,E,A,B,C,E,D,E,B,D,D,D
F,B,A,E,C,E,B,B,C,E,D,E,B,E,C,E
M,B,A,E,D,B,B,E,D,C,D,C,B,C,E,E
F,B,A,E,C,E,B,B,C,A,C,E,B,E,C,E
F,B,A,E,C,E,B,B,C,E,E,D,D,E,D,E
M,B,A,E,A,E,B,E,B,C,D,D,D,NA,C,E
M,B,A,E,C,E,B,B,C,D,D,E,B,E,C,E
M,B,A,E,C,E,B,B,C,E,D,E,B,B,A,E
M,B,A,E,D,E,B,B,C,E,D,E,B,B,A,E
F,B,A,E,D,E,B,B,C,B,E,E,D,E,B,E
F,B,A,E,A,E,D,B,C,E,C,E,B,E,A,E
F,B,A,A,C,C,E,B,C,E,E,E,B,E,B,E
F,B,A,B,B,C,B,B,C,E,NA,E,B,E,A,E
M,B,A,E,C,E,E,D,C,E,D,E,B,E,A,E
F,B,A,E,D,E,A,B,C,C,D,E,B,E,A,E
M,B,A,E,D,E,B,B,C,A,D,E,B,E,A,E
M,E,A,E,D,A,A,B,C,E,C,E,B,B,C,C
F,B,A,E,D,NA,B,B,A,E,C,E,B,E,B,C
F,B,A,A,D,E,B,B,C,E,D,E,B,B,A,E
M,A,A,E,D,E,E,E,C,C,D,E,B,E,A,E
F,B,A,E,D,E,A,B,C,E,E,D,D,E,C,E
M,B,A,D,D,E,B,B,C,E,C,E,B,E,E,B
M,B,A,E,A,E,B,B,C,E,D,E,B,E,A,E
F,B,A,E,C,E,B,B,E,E,E,D,B,E,C,C
F,B,A,E,D,E,B,B,C,E,D,E,B,C,B,A
M,B,A,E,D,C,B,B,C,E,E,E,D,B,E,D
F,B,A,E,A,E,A,B,C,E,D,E,B,E,C,E
M,B,A,E,D,E,B,B,C,E,D,E,B,B,C,E
F,B,A,E,A,E,B,B,B,E,D,E,B,E,A,E
M,B,A,E,D,NA,NA,B,C,E,D,NA,B,E,NA,NA
M,B,A,E,C,NA,B,B,C,E,E,E,B,B,C,E
F,B,A,E,D,E,B,B,A,E,D,E,B,E,A,E
M,B,A,E,C,E,B,B,B,C,C,E,B,E,A,E
F,B,A,E,C,E,A,B,C,E,C,D,B,E,A,E
F,B,A,E,D,E,NA,E,C,E,C,E,B,E,B,A
F,B,A,E,D,E,C,B,C,E,E,B,C,E,B,E
F,B,A,E,C,E,B,B,C,E,D,E,B,E,A,E
M,B,A,E,C,E,B,B,C,E,D,E,B,E,C,E
F,B,A,E,C,E,E,B,D,C,D,A,B,B,A,E
M,B,A,E,A,E,A,A,NA,NA,E,NA,E,E,D,NA
M,B,A,D,D,E,E,B,C,E,D,D,B,E,B,E
M,B,A,E,D,E,B,B,C,E,D,E,B,E,A,E
F,B,A,E,D,E,A,E,C,E,D,E,B,B,B,E
F,B,A,D,A,E,B,B,C,E,E,D,E,E,C,E
M,B,A,E,D,E,A,B,C,E,E,E,B,B,A,A
F,B,A,E,A,E,B,B,C,E,E,E,B,E,A,E
F,B,A,E,C,E,B,B,C,E,D,E,B,E,E,E
M,B,A,E,C,E,C,B,C,E,E,E,B,E,D,E
M,B,A,E,D,E,B,B,D,E,E,E,B,E,C,E
F,B,A,E,C,A,A,B,C,NA,D,E,B,E,B,E
F,B,A,E,C,E,E,B,C,E,E,E,B,E,C,D
F,B,A,E,D,E,B,B,C,E,D,E,B,E,A,E
M,B,A,E,D,E,B,B,C,E,D,E,B,E,C,E
NA,B,A,E,D,E,NA,B,C,E,D,E,B,E,B,C
M,B,A,E,D,E,C,A,E,D,C,D,C,B,A,D
F,B,A,E,C,E,B,B,C,E,C,E,B,E,C,E
F,B,A,E,A,E,C,D,B,E,D,C,A,E,A,E
M,B,A,E,A,E,B,B,C,E,D,E,B,E,B,D
M,B,A,E,C,E,B,C,C,E,D,E,B,E,A,E
M,B,A,E,C,E,B,B,A,E,D,E,B,B,A,D
F,B,A,E,A,E,A,B,C,E,A,C,B,E,C,E
F,B,A,E,D,E,B,B,D,E,D,E,B,E,E,E
F,B,A,E,D,E,B,B,C,E,D,E,B,E,A,C
M,B,A,E,C,E,B,E,C,D,D,E,B,B,C,A
M,B,A,E,C,E,A,A,C,E,D,E,B,E,D,E
F,B,A,E,C,E,B,B,A,E,D,E,B,E,D,E
F,B,A,E,D,B,B,B,C,E,E,B,C,E,A,E
F,C,A,E,D,E,E,B,C,E,D,E,B,E,A,E
M,B,A,E,B,E,B,E,C,E,E,E,B,E,B,E
F,B,A,E,D,E,B,B,C,E,D,E,B,E,A,E
F,B,A,E,C,E,B,B,C,E,D,E,B,B,A,E
F,B,A,B,D,E,A,B,C,C,D,E,B,E,A,E
M,B,A,E,A,E,A,B,C,E,D,E,B,E,A,E
F,B,A,E,C,E,B,B,C,E,D,E,NA,NA,NA,NA
M,B,A,E,C,E,B,E,C,E,D,E,B,E,B,E
M,B,A,E,D,E,A,B,C,C,D,E,B,B,C,E
M,B,A,E,D,B,E,B,D,E,E,B,E,B,NA,NA
M,B,A,E,A,E,B,A,C,E,D,E,B,E,A,E
F,D,A,E,C,E,A,B,C,E,E,E,B,B,B,E
F,B,A,E,C,E,B,B,C,E,C,E,B,E,A,A
F,B,A,E,C,E,B,B,B,E,E,E,B,E,C,E
M,B,A,E,D,E,B,B,C,E,A,E,B,E,B,E
F,B,A,E,D,E,A,E,A,E,C,E,B,B,B,E
M,B,A,E,C,E,B,B,C,E,D,E,B,A,A,E
M,B,A,E,C,E,B,B,C,E,D,E,B,E,D,E
F,B,A,E,A,E,B,E,C,E,C,E,B,E,B,E
F,B,A,E,D,A,E,B,C,E,C,E,B,E,B,NA
F,B,A,E,D,E,E,B,C,E,E,E,B,B,B,E
M,B,A,B,D,E,B,B,A,C,C,E,B,B,A,C
M,B,A,B,D,E,B,B,C,E,E,E,B,E,C,E
M,B,A,E,C,A,B,B,C,D,D,E,D,E,A,A
F,B,B,B,A,E,E,B,C,E,D,E,B,E,A,E
M,B,A,E,A,E,B,B,C,NA,C,NA,B,B,B,E
F,B,A,E,C,A,E,B,C,C,E,E,A,E,A,E
F,B,A,E,C,E,B,B,B,E,D,E,B,E,D,E
M,B,A,E,C,E,B,B,C,E,D,E,B,E,A,C
M,B,A,E,D,E,B,B,A,A,D,E,B,B,C,A
M,B,A,D,D,E,B,B,C,E,E,C,A,B,C,E
F,B,A,E,D,E,B,B,D,E,D,E,D,B,C,E
F,B,A,E,D,E,B,B,C,E,D,E,B,B,A,E
M,B,A,E,C,E,B,B,C,E,D,E,B,E,C,E
M,B,A,E,A,E,B,B,D,E,E,B,B,E,C,B
F,B,A,E,D,E,B,B,C,E,D,E,B,B,B,E
M,B,A,E,A,A,D,A,B,E,C,B,B,E,A,E
M,A,A,E,D,A,B,A,D,A,D,D,B,E,C,B
F,B,A,E,NA,B,B,B,D,E,NA,E,B,B,C,B
M,B,A,E,B,A,B,B,C,D,E,E,E,B,B,E
F,B,A,E,D,E,B,B,C,E,D,E,B,E,B,E
M,B,E,D,A,C,E,E,D,E,B,C,E,B,D,C
M,B,A,E,D,E,B,D,C,C,E,E,D,E,A,E
M,B,A,E,D,E,B,B,C,E,D,A,C,E,C,B
M,B,A,E,D,E,E,B,C,D,D,B,B,E,C,B
F,B,A,E,NA,E,E,B,NA,C,E,NA,A,E,A,E
M,B,A,E,D,E,B,E,C,C,D,E,B,E,A,E
M,B,A,E,C,E,B,B,C,E,D,E,B,E,C,A
M,B,A,E,C,E,B,B,C,E,D,D,C,B,B,C
F,B,A,E,D,A,B,E,C,E,A,B,B,B,NA,E
F,B,A,D,A,E,B,B,C,E,C,A,B,E,A,E
M,B,A,E,D,A,B,B,D,E,B,E,B,D,C,E
F,B,A,NA,NA,NA,D,B,D,E,E,E,B,C,A,B
M,B,A,E,D,E,B,B,C,E,E,E,B,B,A,E
M,B,A,E,D,E,B,B,C,E,A,E,B,E,C,E
M,B,A,E,D,E,B,B,C,E,D,C,B,E,B,E
M,B,A,E,D,B,B,E,C,E,D,E,D,E,B,D
M,B,A,C,C,E,B,A,C,E,E,E,B,B,C,A
F,B,A,E,C,B,B,B,C,E,D,B,C,E,C,E
F,C,A,E,E,NA,B,B,E,C,A,B,D,B,C,NA
M,B,A,E,C,E,B,B,C,E,A,C,B,E,B,E
NA,B,A,E,C,E,B,A,D,C,B,E,B,B,A,D
NA,B,A,A,NA,NA,NA,NA,C,NA,NA,E,B,B,C,A
NA,B,A,E,D,E,E,E,C,E,D,E,B,E,B,E
NA,B,A,E,D,E,B,A,B,E,C,E,B,E,B,E
NA,B,A,E,A,E,B,B,C,E,D,E,B,E,C,E
NA,B,A,E,A,E,E,D,C,D,C,E,B,E,A,B
NA,A,A,E,C,E,B,B,C,E,D,B,B,E,C,E
NA,B,A,E,D,B,A,B,D,C,E,B,A,B,A,E
NA,B,A,A,C,E,B,B,C,C,C,C,B,E,B,E
NA,B,A,E,C,E,B,B,C,E,D,E,B,E,C,E
NA,E,A,E,E,C,B,B,B,C,C,C,E,A,D,E
NA,B,A,E,D,E,A,B,C,B,C,B,A,C,A,D
NA,B,A,E,D,E,B,B,C,C,E,E,D,E,C,E
NA,C,A,E,D,E,B,D,NA,A,D,E,B,E,A,E
F,B,A,E,A,E,B,B,B,NA,NA,NA,NA,E,B,E
NA,B,A,E,C,E,NA,B,B,C,E,E,D,E,E,E
NA,B,A,E,E,C,B,B,D,E,E,E,B,E,B,E
NA,B,A,E,D,E,A,B,D,E,E,E,E,B,B,E
NA,B,A,E,A,E,B,D,C,E,D,B,D,D,E,B
NA,B,A,E,E,NA,B,D,C,E,C,NA,B,NA,B,E
NA,B,A,E,C,E,A,B,C,E,C,E,B,B,A,E
NA,A,B,A,B,D,E,A,B,C,D,B,E,B,B,C
NA,A,A,E,C,C,NA,B,C,A,C,E,B,E,C,E
NA,B,A,E,C,E,B,B,C,C,D,E,B,B,B,E
NA,B,A,E,E,D,E,B,A,B,E,C,A,B,C,E
M,A,B,E,A,E,B,A,E,A,E,D,D,NA,A,B
NA,B,A,E,C,E,B,B,C,E,D,E,B,E,C,E
NA,B,A,E,C,A,B,B,C,E,E,E,B,E,A,E
NA,B,A,E,E,C,B,B,B,C,C,C,E,A,NA,E
F,C,A,E,D,E,B,A,D,C,D,B,NA,E,C,D
NA,B,A,E,D,E,A,B,C,A,D,B,D,B,A,E
NA,B,A,E,A,E,A,A,C,A,D,E,B,E,A,B
M,B,A,E,C,E,B,B,C,D,D,C,B,E,B,E
NA,B,A,E,C,E,C,B,C,C,D,C,D,NA,NA,E
NA,B,A,E,D,E,A,B,C,E,D,E,B,B,B,A
F,B,A,E,C,E,A,B,C,E,E,E,B,E,C,E
NA,B,A,E,E,E,B,A,D,C,D,B,D,E,A,D
NA,E,A,E,A,E,B,D,C,NA,E,B,B,E,NA,E
NA,B,A,E,C,E,B,B,C,E,D,E,B,E,C,E
M,A,B,E,B,E,A,A,A,B,E,NA,NA,B,A,B
F,B,A,E,C,A,B,B,D,E,E,E,B,A,B,E
F,B,A,E,D,E,E,B,D,E,E,E,D,D,A,A
NA,B,A,E,D,E,B,B,B,A,E,B,B,A,B,D
NA,B,A,E,C,E,B,B,C,NA,D,E,B,E,A,E
NA,B,A,E,A,A,B,E,E,D,C,E,B,B,B,C
NA,B,A,E,C,E,B,B,C,E,E,B,B,E,B,D
NA,B,A,E,D,C,A,D,C,E,E,B,B,A,B,D
NA,C,A,E,C,A,C,B,C,E,D,E,D,B,D,E
NA,B,A,E,D,E,D,B,C,E,D,E,B,B,A,D
F,B,A,E,D,E,C,E,A,E,E,B,B,B,A,D
F,B,B,E,B,E,B,A,NA,E,B,D,A,B,A,E
F,A,B,E,D,NA,A,A,NA,E,E,E,A,E,A,B
NA,D,A,E,D,E,E,B,D,E,E,B,B,B,B,C
NA,B,A,E,D,E,E,A,E,D,E,B,B,B,B,E
NA,B,A,E,C,E,B,B,C,E,D,E,B,E,B,E
NA,B,A,E,C,E,B,B,A,E,D,C,C,E,D,D
NA,B,A,E,D,E,A,B,C,E,D,E,B,E,B,E
M,B,A,E,D,E,B,B,D,A,E,D,B,D,B,E
F,A,NA,E,E,A,A,E,B,E,E,A,A,NA,NA,NA
NA,B,A,D,C,A,E,A,D,B,E,B,B,C,B,C
M,B,A,E,C,E,B,B,C,E,D,E,B,E,C,E
NA,B,A,E,D,D,B,B,D,E,E,B,NA,NA,NA,NA
NA,B,A,E,D,E,B,B,C,E,E,B,B,E,C,E
NA,B,A,D,A,E,A,B,C,B,E,B,B,D,A,E
NA,B,A,E,A,E,B,B,C,E,D,E,B,B,E,E
M,B,A,D,A,E,C,C,D,C,B,A,D,E,B,E
NA,B,A,E,A,E,B,B,C,E,E,E,B,B,C,E
NA,A,A,E,C,E,E,B,C,E,E,E,A,E,B,E
NA,B,A,E,A,E,D,B,C,C,E,E,C,B,C,A
NA,B,A,E,A,NA,B,NA,C,E,D,D,B,E,B,E
F,B,A,B,A,NA,C,B,C,NA,C,E,A,E,B,E
NA,B,A,B,A,A,B,B,A,C,E,E,A,D,B,D
F,B,A,E,D,E,B,B,B,A,C,B,B,B,A,D
NA,B,A,E,D,E,B,B,C,E,C,E,E,E,C,E
NA,B,A,E,A,A,B,C,D,E,B,B,E,E,A,C
NA,B,A,B,A,C,A,D,B,C,D,B,B,B,B,A
F,B,A,E,D,D,A,B,C,B,E,B,E,E,B,A
NA,D,A,E,A,A,B,B,B,C,E,B,A,C,B,C
NA,B,A,E,C,E,B,A,C,B,C,E,D,D,C,B
M,B,A,A,D,E,A,E,C,B,E,NA,NA,NA,NA,NA
NA,B,A,D,E,E,B,A,C,C,C,B,D,E,A,E